entropy_p1,entropy_p2,episode,policy_loss_p1,policy_loss_p2,return_p1,value_loss
1.3715651035308838,1.371882677078247,0,-67.4391860961914,69.81676483154297,-15.0,169.87416076660156
1.373292088508606,1.3652911186218262,1,-110.77056884765625,100.84748077392578,-11.0,91.16827392578125
1.3611435890197754,1.3459500074386597,2,-314.4941101074219,287.2997131347656,-18.0,100.59136962890625
1.351607322692871,1.3636049032211304,3,-59.466148376464844,44.99873352050781,-15.0,151.9033203125
1.3581116199493408,1.3689746856689453,4,-44.897064208984375,43.33793258666992,-10.0,79.65875244140625
1.3628357648849487,1.3370026350021362,5,-96.97047424316406,99.5790786743164,-11.0,73.5316162109375
1.354550838470459,1.3358057737350464,6,-147.03553771972656,132.60240173339844,-17.0,159.6077423095703
1.360979437828064,1.361626386642456,7,-189.37362670898438,180.76390075683594,-5.0,118.55044555664062
1.350021481513977,1.3475091457366943,8,-301.7443542480469,291.4469299316406,-23.0,88.74817657470703
1.3650143146514893,1.3413646221160889,9,-281.1170959472656,295.2894592285156,-14.0,116.24871826171875
1.3405060768127441,1.3530999422073364,10,47.34233093261719,-47.50455856323242,2.0,7.5787672996521
1.3445645570755005,1.3385365009307861,11,-392.43939208984375,407.31402587890625,-35.0,198.25054931640625
1.2980667352676392,1.3150224685668945,12,-33.3150749206543,48.364383697509766,-10.0,57.98100280761719
1.3435126543045044,1.345786213874817,13,-75.70698547363281,79.46905517578125,-2.0,32.62311553955078
1.346762776374817,1.3562272787094116,14,-111.56140899658203,107.2845458984375,0.0,74.77255249023438
1.3455818891525269,1.347229242324829,15,-47.637535095214844,53.119869232177734,-14.0,107.37255859375
1.3097823858261108,1.325344204902649,16,-85.89534759521484,85.89791107177734,-9.0,26.80753517150879
1.3546181917190552,1.3492931127548218,17,216.2209014892578,-228.9734344482422,19.0,68.88597106933594
1.3030421733856201,1.3023041486740112,18,-95.02882385253906,91.83558654785156,-11.0,33.41553497314453
1.2761666774749756,1.306153416633606,19,-97.8185043334961,80.41007232666016,-16.0,113.6772689819336
1.3455517292022705,1.338778018951416,20,65.18262481689453,-65.08802795410156,2.0,7.108731746673584
1.3343719244003296,1.3337849378585815,21,-67.35999298095703,62.78855514526367,-11.0,64.10782623291016
1.31702721118927,1.328635334968567,22,-43.7759895324707,47.667598724365234,-3.0,22.969770431518555
1.3374754190444946,1.3503373861312866,23,-30.75414276123047,32.5748291015625,-10.0,65.35025024414062
1.3216633796691895,1.3394408226013184,24,-15.950650215148926,16.132171630859375,-10.0,53.982337951660156
1.33329439163208,1.358567714691162,25,-29.391986846923828,31.658357620239258,-5.0,47.139366149902344
1.2999274730682373,1.3013267517089844,26,-110.6352767944336,112.31002807617188,-19.0,115.08592987060547
1.3369783163070679,1.32732355594635,27,-103.26545715332031,106.46111297607422,-3.0,17.598894119262695
1.3223952054977417,1.348189115524292,28,-151.07376098632812,143.991455078125,-4.0,54.1313591003418
1.2949286699295044,1.3234769105911255,29,-125.83654022216797,123.57059478759766,-6.0,61.00754165649414
1.3228868246078491,1.3371734619140625,30,-14.094612121582031,13.772316932678223,-6.0,32.722503662109375
1.307944416999817,1.349186658859253,31,-42.429588317871094,47.65639877319336,-5.0,43.11180877685547
1.31765878200531,1.3334801197052002,32,-39.040130615234375,43.11921310424805,-9.0,42.05768585205078
1.337211012840271,1.3313158750534058,33,-369.8122863769531,350.2010803222656,-20.0,145.0762176513672
1.317712426185608,1.3364044427871704,34,-28.139020919799805,31.340152740478516,-1.0,29.578369140625
1.2662736177444458,1.2919743061065674,35,-47.12105941772461,37.89326858520508,-14.0,64.37828826904297
1.3320891857147217,1.3522382974624634,36,-73.8575210571289,76.27872467041016,-10.0,36.74738693237305
1.3242770433425903,1.312677025794983,37,-44.688453674316406,47.42404556274414,-11.0,59.280235290527344
1.294177770614624,1.2982919216156006,38,-117.63172912597656,109.78394317626953,-15.0,77.01551818847656
1.3178786039352417,1.3436824083328247,39,-92.31230926513672,103.04195404052734,-10.0,44.19914627075195
1.3258506059646606,1.3438518047332764,40,-24.377565383911133,23.316314697265625,-1.0,20.964323043823242
1.3186209201812744,1.3177257776260376,41,-56.06144714355469,71.56389617919922,-8.0,47.219581604003906
1.3404990434646606,1.3366703987121582,42,-268.3574523925781,265.33990478515625,-26.0,156.67245483398438
1.3236979246139526,1.3295350074768066,43,-150.0096893310547,133.93911743164062,-16.0,21.216175079345703
1.3135868310928345,1.2881555557250977,44,-35.18690872192383,38.295650482177734,-4.0,15.106118202209473
1.2011914253234863,1.2663242816925049,45,-60.100799560546875,36.2864990234375,-16.0,85.86991882324219
1.3175716400146484,1.3351391553878784,46,-27.03433609008789,24.10020637512207,-5.0,18.597084045410156
1.332260012626648,1.3424856662750244,47,46.90541076660156,-71.82777404785156,11.0,47.20066452026367
1.3083466291427612,1.3131247758865356,48,-16.090866088867188,28.801538467407227,0.0,36.535606384277344
1.3241376876831055,1.3041406869888306,49,-153.7698516845703,158.78012084960938,-13.0,35.30401611328125
1.3121329545974731,1.3075681924819946,50,-135.3817596435547,160.5548858642578,-14.0,60.052452087402344
1.3083709478378296,1.3408182859420776,51,-35.387081146240234,37.833675384521484,-2.0,37.16361999511719
1.296543002128601,1.292151927947998,52,-60.29191970825195,41.95003128051758,-15.0,76.66206359863281
1.2447075843811035,1.2157697677612305,53,-18.69788932800293,17.00183868408203,-10.0,37.5671272277832
1.312637448310852,1.3087730407714844,54,-56.39771270751953,60.210304260253906,-9.0,23.81293296813965
1.2866802215576172,1.3125722408294678,55,-63.61085510253906,52.29872512817383,-18.0,102.48763275146484
1.2970863580703735,1.2860095500946045,56,-106.02164459228516,108.28741455078125,-10.0,36.75714874267578
1.2547491788864136,1.2943087816238403,57,-18.64324951171875,26.77147674560547,-10.0,31.79869842529297
1.2551554441452026,1.2653175592422485,58,-46.870933532714844,47.93295669555664,-14.0,69.1374740600586
1.3034203052520752,1.3107264041900635,59,-80.83439636230469,60.34911346435547,-7.0,26.301509857177734
1.171201229095459,1.2266818284988403,60,-30.64914321899414,27.507431030273438,-14.0,56.28000259399414
1.3062264919281006,1.2761650085449219,61,-77.86150360107422,57.83876037597656,-10.0,29.4389591217041
1.3089066743850708,1.318108081817627,62,-105.15982055664062,76.15572357177734,-6.0,23.33124351501465
1.3200803995132446,1.2988754510879517,63,184.9058380126953,-194.02597045898438,3.0,42.938289642333984
1.2165387868881226,1.2358322143554688,64,-84.2581787109375,113.63760375976562,-22.0,109.26632690429688
1.2659685611724854,1.249803066253662,65,170.16290283203125,-140.59494018554688,5.0,63.659400939941406
1.2072343826293945,1.1919035911560059,66,-8.153228759765625,4.47615385055542,-10.0,15.705698013305664
1.1840903759002686,1.1983294486999512,67,-14.318325996398926,14.326920509338379,-10.0,26.015113830566406
1.2876777648925781,1.266788125038147,68,2.3102948665618896,11.069422721862793,-6.0,22.960460662841797
1.2498196363449097,1.2055015563964844,69,-117.14433288574219,115.90513610839844,-19.0,109.44551086425781
1.2164024114608765,1.142168641090393,70,-7.534714698791504,2.895416498184204,-10.0,11.90713119506836
1.3018758296966553,1.2464135885238647,71,-68.16665649414062,45.47916793823242,-14.0,39.48383331298828
1.2086268663406372,1.2292685508728027,72,-71.97733306884766,65.29389190673828,-18.0,37.110435485839844
1.2267693281173706,1.2498118877410889,73,-80.58069610595703,83.19257354736328,-17.0,42.196224212646484
1.2841464281082153,1.2326805591583252,74,138.19065856933594,-146.50552368164062,-5.0,27.755929946899414
1.2731672525405884,1.2402044534683228,75,-32.203163146972656,17.908960342407227,-8.0,15.335310935974121
1.3001081943511963,1.2269608974456787,76,-54.802459716796875,48.37528991699219,-10.0,28.94147300720215
1.2605328559875488,1.177424669265747,77,-100.74932861328125,98.06383514404297,-20.0,69.10438537597656
1.2380423545837402,1.149152159690857,78,-46.43498992919922,45.94184875488281,-14.0,23.791200637817383
1.1920918226242065,1.1896674633026123,79,-32.1739616394043,12.95323657989502,-14.0,45.22297286987305
1.3167628049850464,1.2453160285949707,80,-125.3235092163086,104.81967163085938,-14.0,40.11152267456055
1.1976126432418823,0.9683939814567566,81,-29.111881256103516,32.58322525024414,-16.0,43.1011848449707
1.2862348556518555,1.2248350381851196,82,-11.771353721618652,14.786645889282227,-10.0,19.885040283203125
1.1777626276016235,1.0036507844924927,83,-23.044775009155273,8.046445846557617,-14.0,35.30636978149414
1.2870118618011475,1.2146567106246948,84,-56.896339416503906,60.91787338256836,-7.0,29.535354614257812
1.2440440654754639,1.2208282947540283,85,200.3372802734375,-202.01296997070312,2.0,82.82682037353516
1.1870191097259521,1.1702768802642822,86,-6.450194358825684,4.172169208526611,-10.0,14.26467514038086
1.20253324508667,1.1188801527023315,87,-43.578365325927734,46.833072662353516,-12.0,28.059858322143555
1.2436727285385132,1.1315717697143555,88,-58.35490036010742,64.06360626220703,-16.0,10.107513427734375
1.2973144054412842,1.2329349517822266,89,-75.5510025024414,70.7748794555664,-19.0,40.65183639526367
1.2439532279968262,1.1828193664550781,90,-21.70709991455078,-13.1987943649292,-10.0,14.737069129943848
1.319715142250061,1.2802631855010986,91,-46.838706970214844,57.90822219848633,-12.0,33.80729293823242
1.257076382637024,1.166803002357483,92,154.70855712890625,-183.13392639160156,2.0,46.11445236206055
1.1781368255615234,1.1408782005310059,93,-9.354992866516113,8.44349193572998,-10.0,11.074763298034668
1.2667335271835327,1.2279953956604004,94,-34.381561279296875,34.02068328857422,-11.0,22.2978458404541
1.1094409227371216,0.8570197224617004,95,-1.283288598060608,-0.9605426788330078,-10.0,1.1878422498703003
1.1348013877868652,0.8828654289245605,96,-15.605084419250488,6.558108329772949,-14.0,20.694665908813477
1.2958862781524658,1.2949278354644775,97,9.857653617858887,-24.208688735961914,-5.0,11.096931457519531
1.120032548904419,1.0357435941696167,98,-15.476912498474121,7.001461505889893,-13.0,19.069028854370117
1.2452436685562134,1.1891992092132568,99,-13.01960277557373,2.650426149368286,-9.0,16.911033630371094
1.2761855125427246,1.2380931377410889,100,8.895817756652832,-0.7300280332565308,-10.0,13.380615234375
1.2778688669204712,1.1600539684295654,101,-3.6636695861816406,4.830874443054199,-7.0,11.709210395812988
1.2297166585922241,1.1275603771209717,102,-6.243387699127197,11.896028518676758,-7.0,13.830528259277344
1.2871239185333252,1.1906870603561401,103,-107.45097351074219,97.80120086669922,-16.0,76.8127212524414
1.176554560661316,1.0811848640441895,104,-69.85106658935547,83.01331329345703,-24.0,79.75640106201172
1.2560079097747803,1.0832151174545288,105,-44.750938415527344,34.15233612060547,-19.0,58.0841178894043
1.2057983875274658,1.1878693103790283,106,-104.53598022460938,81.5618896484375,-23.0,62.04155349731445
1.247318983078003,1.2502802610397339,107,-101.22220611572266,92.93651580810547,-18.0,90.91083526611328
1.3092480897903442,1.2627238035202026,108,-92.70384216308594,90.38467407226562,-10.0,25.20270538330078
1.2830994129180908,1.1974494457244873,109,18.956857681274414,-41.42997360229492,-6.0,13.844919204711914
1.2678327560424805,1.2640680074691772,110,283.60406494140625,-295.2873229980469,7.0,85.4441146850586
1.2793349027633667,1.2348768711090088,111,-109.43535614013672,89.43412017822266,-18.0,22.52386474609375
1.2218806743621826,1.266160488128662,112,-59.95088577270508,53.089237213134766,-11.0,42.0440673828125
1.1205724477767944,0.7068426012992859,113,2.7500579357147217,-0.09313128143548965,-10.0,1.0844813585281372
1.2668781280517578,1.1688302755355835,114,11.225421905517578,-40.622108459472656,-4.0,28.633317947387695
1.211848258972168,1.1921356916427612,115,-10.4707670211792,4.208781719207764,-10.0,4.81804084777832
1.2414066791534424,1.2557293176651,116,-121.28116607666016,147.61094665527344,-18.0,26.60863494873047
1.1875674724578857,0.9339156746864319,117,-55.26774215698242,52.1010856628418,-19.0,25.844266891479492
1.1607997417449951,0.9110774993896484,118,-46.010311126708984,20.62917709350586,-18.0,25.018062591552734
1.2795464992523193,1.2597070932388306,119,132.20294189453125,-127.323486328125,0.0,22.041156768798828
1.1615571975708008,1.0965291261672974,120,-10.916851997375488,13.683948516845703,-10.0,10.84234619140625
1.162498950958252,1.0300159454345703,121,2.0255072116851807,-7.978248596191406,-6.0,22.83958625793457
1.2615028619766235,1.1887398958206177,122,112.94735717773438,-118.41488647460938,-8.0,28.72708511352539
1.2334588766098022,1.1174075603485107,123,-27.156906127929688,40.31344223022461,-15.0,14.243380546569824
1.2003264427185059,0.9818799495697021,124,-14.650087356567383,4.128931045532227,-10.0,10.985413551330566
1.186314344406128,1.2220728397369385,125,123.1388168334961,-127.38597106933594,0.0,37.9240608215332
1.1319859027862549,1.0360809564590454,126,-19.56791877746582,27.143890380859375,-15.0,28.503662109375
1.2806684970855713,1.0083487033843994,127,-68.04486846923828,68.34549713134766,-19.0,50.08934783935547
1.1511657238006592,0.6129743456840515,128,1.5441371202468872,-0.03924629092216492,-10.0,0.6985298991203308
1.2426841259002686,1.109621286392212,129,-125.87339782714844,91.68531036376953,-23.0,65.63109588623047
1.25554621219635,1.1993638277053833,130,-57.688899993896484,50.94074249267578,-16.0,19.31163787841797
1.183218002319336,1.1047886610031128,131,-108.21194458007812,72.19294738769531,-27.0,24.55487632751465
1.2106784582138062,1.0918498039245605,132,-82.58776092529297,94.22356414794922,-33.0,48.505584716796875
1.2496557235717773,1.2146461009979248,133,-59.72843551635742,50.98762512207031,-9.0,43.32486343383789
1.1411675214767456,1.0890049934387207,134,-62.491519927978516,66.41445922851562,-10.0,40.447383880615234
1.2070958614349365,1.2213901281356812,135,8.031538009643555,3.304713487625122,-8.0,8.261375427246094
1.1307330131530762,1.0386720895767212,136,-6.1706414222717285,13.08778190612793,-12.0,8.592520713806152
1.1285680532455444,1.107553482055664,137,25.90593910217285,-32.52009582519531,-11.0,17.141193389892578
1.1874003410339355,1.1426969766616821,138,64.32298278808594,-100.70223999023438,7.0,111.15532684326172
1.2053701877593994,0.7507768869400024,139,-0.6381139755249023,-0.07670304924249649,-10.0,0.10031440854072571
1.1796462535858154,1.1723779439926147,140,-49.952301025390625,55.698368072509766,-20.0,14.96932601928711
0.9835423231124878,1.043994665145874,141,0.13916093111038208,-9.361044883728027,-10.0,11.090919494628906
1.061700701713562,0.6607741117477417,142,0.4069361388683319,-1.6046193838119507,-10.0,0.1417248547077179
1.1750739812850952,1.140989899635315,143,243.69137573242188,-350.9696350097656,12.0,158.2593231201172
0.843356192111969,0.8214758038520813,144,-10.681983947753906,2.646562337875366,-13.0,7.523444652557373
1.0594319105148315,1.0296992063522339,145,-34.38726043701172,40.903419494628906,-14.0,20.2509708404541
1.1307015419006348,0.808309018611908,146,0.30696845054626465,1.1572182178497314,-6.0,16.802820205688477
1.1096786260604858,1.1797153949737549,147,-250.6809539794922,190.34420776367188,-35.0,141.95864868164062
1.1894326210021973,1.1786097288131714,148,2.9797840118408203,-4.494344711303711,-13.0,11.804539680480957
1.0969784259796143,1.1280378103256226,149,-121.98868560791016,80.14468383789062,-20.0,43.71498489379883
1.1606782674789429,0.7252751588821411,150,1.5128185749053955,0.8732067942619324,-10.0,0.7159312963485718
0.9427640438079834,0.9163498282432556,151,-6.162036895751953,4.358534812927246,-10.0,5.87390661239624
1.1808527708053589,1.143520712852478,152,-0.3278003931045532,-14.648996353149414,-5.0,8.154986381530762
1.181445598602295,1.1402943134307861,153,3.524350881576538,4.396963119506836,-6.0,11.68332290649414
1.0816611051559448,1.0856369733810425,154,233.1943359375,-308.12255859375,4.0,102.37185668945312
1.0669268369674683,1.039029598236084,155,-13.706826210021973,7.409589767456055,-14.0,15.199259757995605
0.9488518238067627,0.9883208870887756,156,-27.899335861206055,13.325932502746582,-14.0,11.717768669128418
1.0708709955215454,1.0881365537643433,157,-25.71295738220215,24.295940399169922,-9.0,21.133590698242188
1.0213228464126587,0.9917713403701782,158,-31.6656494140625,30.989315032958984,-17.0,23.448453903198242
1.205522060394287,1.1311181783676147,159,42.99660110473633,-20.290935516357422,-5.0,27.40605926513672
0.9568031430244446,0.9931116104125977,160,-2.8337554931640625,-2.0959877967834473,-6.0,22.68552017211914
1.1471604108810425,1.0907608270645142,161,-37.865074157714844,24.365873336791992,-13.0,28.229724884033203
1.1320288181304932,1.1566176414489746,162,-50.20345687866211,45.29639434814453,-24.0,34.51050567626953
1.1879969835281372,1.067155361175537,163,-48.49125671386719,43.04009246826172,-21.0,15.876434326171875
0.9784895777702332,1.0798430442810059,164,-100.05979919433594,49.197669982910156,-24.0,28.77056312561035
1.1293504238128662,1.018073320388794,165,-12.344008445739746,16.81689453125,-17.0,17.449796676635742
1.1341328620910645,1.0811997652053833,166,76.70726013183594,-71.40094757080078,-13.0,22.360488891601562
1.1422873735427856,0.8920152187347412,167,-27.82722282409668,12.538861274719238,-16.0,17.48366355895996
1.0230813026428223,1.057864785194397,168,-20.727508544921875,10.07610034942627,-12.0,9.533942222595215
0.9272494912147522,0.9419121742248535,169,-11.663968086242676,7.690563678741455,-13.0,5.154023170471191
1.05984628200531,0.9856101870536804,170,-11.059379577636719,2.402827739715576,-14.0,4.985757350921631
0.9155742526054382,0.9582931399345398,171,-12.116971969604492,6.915676116943359,-13.0,3.9297001361846924
1.0065146684646606,0.9923399686813354,172,-137.10263061523438,110.69774627685547,-23.0,60.49821090698242
1.0783348083496094,1.0329383611679077,173,-49.76144790649414,19.239789962768555,-12.0,26.019668579101562
1.1344856023788452,1.0364071130752563,174,151.95912170410156,-89.06412506103516,-2.0,48.14046096801758
1.1404531002044678,0.9068058133125305,175,-6.760721206665039,2.2551021575927734,-14.0,4.890562534332275
1.112770676612854,0.7745605707168579,176,2.829986333847046,-1.8472371101379395,-10.0,2.3621315956115723
1.1145191192626953,1.0605623722076416,177,-18.0074520111084,-0.878125011920929,-10.0,10.097570419311523
1.0926893949508667,1.0798676013946533,178,217.81358337402344,-208.88644409179688,-2.0,70.05919647216797
0.8044058680534363,0.6669472455978394,179,0.5123744010925293,-1.0793777704238892,-10.0,1.6180169582366943
0.915255069732666,0.9883098602294922,180,-6.565794944763184,3.3716206550598145,-9.0,12.543571472167969
1.0535502433776855,1.016945481300354,181,-1.265352487564087,-2.2858057022094727,-13.0,6.109589099884033
1.1695215702056885,0.9578422904014587,182,-0.5039175152778625,-0.364150732755661,-10.0,6.2534966468811035
1.0839893817901611,1.0040149688720703,183,-16.930557250976562,15.750118255615234,-14.0,6.983911037445068
0.9497653245925903,0.9785701632499695,184,36.155609130859375,-48.191471099853516,-9.0,14.117209434509277
1.070560336112976,0.9924116134643555,185,-129.69679260253906,83.34260559082031,-28.0,81.24656677246094
0.7692237496376038,0.8925049901008606,186,6.776144981384277,-14.306815147399902,-10.0,10.611337661743164
1.1504894495010376,1.0603076219558716,187,85.53679656982422,-106.52032470703125,-5.0,67.79236602783203
0.9629957675933838,1.0276435613632202,188,-24.451580047607422,8.90209674835205,-15.0,16.664697647094727
1.144149661064148,0.9523264765739441,189,-1.4435391426086426,-4.383591651916504,-10.0,5.287837982177734
1.043309211730957,1.0307456254959106,190,14.199908256530762,-52.12507629394531,-10.0,22.359777450561523
1.0635883808135986,0.9188647866249084,191,-39.60530471801758,14.940545082092285,-13.0,18.74517250061035
0.921985924243927,0.9203728437423706,192,224.896240234375,-316.9325866699219,8.0,132.0912322998047
0.9366309642791748,0.739247739315033,193,-43.61932373046875,21.3201847076416,-18.0,20.4165096282959
1.2041085958480835,0.988778293132782,194,-14.014845848083496,14.58257007598877,-13.0,16.024627685546875
1.01973557472229,0.7041690349578857,195,-0.15940622985363007,0.25974175333976746,-10.0,0.08358711749315262
0.9533971548080444,0.9639492630958557,196,-120.22371673583984,126.10196685791016,-27.0,35.47404479980469
1.0592907667160034,0.7705327272415161,197,-10.224137306213379,6.743940353393555,-17.0,15.61229133605957
0.6857553720474243,0.8916484713554382,198,-10.494367599487305,-5.749665260314941,-9.0,9.962752342224121
1.0310750007629395,0.804672360420227,199,-3.7301747798919678,2.3450045585632324,-14.0,4.618642330169678
0.9416388273239136,0.9877843260765076,200,-17.2167911529541,12.64304256439209,-12.0,5.052945137023926
1.0769352912902832,0.9829264283180237,201,2.65899658203125,-1.2985049486160278,-10.0,0.38578781485557556
1.053328514099121,0.7730328440666199,202,-7.142763137817383,2.347874402999878,-13.0,3.2943193912506104
0.6278876066207886,0.5981831550598145,203,-0.5447700023651123,-0.6361247897148132,-10.0,0.20184288918972015
1.0497322082519531,0.6203168034553528,204,1.17327880859375,-0.3275321125984192,-10.0,0.5883157253265381
0.9265640377998352,0.9712121486663818,205,-224.77313232421875,165.89288330078125,-35.0,96.69210815429688
0.959516704082489,0.6717812418937683,206,2.7520751953125,-3.0890536308288574,-10.0,0.4600670337677002
0.8531990051269531,0.9018080234527588,207,99.62191009521484,-155.13717651367188,-1.0,71.24069213867188
0.965155303478241,0.9494608044624329,208,-88.27156066894531,83.51032257080078,-22.0,20.575305938720703
1.0447719097137451,0.6902710199356079,209,-4.1520795822143555,1.1959280967712402,-14.0,4.335083961486816
0.6862294673919678,0.8670597672462463,210,-1.8528424501419067,-4.290441989898682,-10.0,6.888795852661133
0.9757946729660034,1.1286159753799438,211,327.4396057128906,-375.6876220703125,16.0,222.9374542236328
1.0367555618286133,0.5188407897949219,212,0.07570820301771164,0.060948338359594345,-10.0,0.08244629949331284
1.0349658727645874,0.5075323581695557,213,-0.01994052156805992,0.0543108806014061,-10.0,0.04093370959162712
1.0313212871551514,0.7498093843460083,214,0.124257892370224,-0.15697428584098816,-10.0,0.14513109624385834
1.0285799503326416,0.4862785041332245,215,-0.15899600088596344,0.008189624175429344,-10.0,0.024126648902893066
0.713276207447052,0.6825281381607056,216,-71.15705108642578,25.209585189819336,-17.0,22.13833999633789
0.7187165021896362,0.8996111750602722,217,23.13495445251465,-34.174320220947266,-6.0,20.579986572265625
0.8681046366691589,0.8991567492485046,218,-1.806525468826294,1.9532480239868164,-10.0,2.551781177520752
0.6011032462120056,0.770977795124054,219,-0.9671787023544312,-3.9201712608337402,-10.0,2.758107900619507
1.0968674421310425,0.8139400482177734,220,-26.988309860229492,13.82728385925293,-15.0,17.805360794067383
0.99912029504776,0.44234156608581543,221,-0.38584771752357483,-0.02880050055682659,-10.0,0.28276553750038147
0.775558590888977,0.776928722858429,222,3.083895206451416,-9.855683326721191,-10.0,2.8544106483459473
0.9769570827484131,0.42558813095092773,223,-0.36901578307151794,-0.004481272306293249,-10.0,0.11341914534568787
0.736958920955658,0.8389443755149841,224,-21.81817054748535,10.356094360351562,-13.0,5.9412407875061035
1.0092905759811401,0.9760820269584656,225,-0.8173207640647888,-22.739120483398438,-5.0,11.830092430114746
0.9162341356277466,0.39399439096450806,226,0.04263578727841377,0.041235409677028656,-10.0,0.06279110163450241
0.8942486047744751,0.38083726167678833,227,0.1856626570224762,0.04741135984659195,-10.0,0.1210484504699707
0.8762553334236145,0.36844146251678467,228,0.2560552954673767,0.03797755390405655,-10.0,0.11291127651929855
0.6453742980957031,0.9214136004447937,229,-15.027325630187988,4.426430702209473,-10.0,14.644428253173828
0.8452243804931641,0.34853553771972656,230,0.15921658277511597,0.006790280342102051,-10.0,0.017653238028287888
0.6991154551506042,0.9483245611190796,231,121.6409683227539,-220.92112731933594,8.0,114.79335021972656
0.8183578252792358,0.839776337146759,232,-10.657247543334961,12.915453910827637,-13.0,9.601968765258789
0.7064824104309082,0.8365716934204102,233,26.691871643066406,-61.659847259521484,-6.0,30.3466796875
0.9516880512237549,0.9436283111572266,234,-4.874599456787109,3.3162589073181152,-16.0,3.238154888153076
0.7920736074447632,0.7882150411605835,235,0.45072701573371887,-1.007743000984192,-10.0,1.2678364515304565
1.0112667083740234,0.9614759087562561,236,74.51005554199219,-106.135498046875,3.0,88.07901000976562
0.9313955307006836,0.9214094281196594,237,-24.296602249145508,18.716352462768555,-15.0,10.658255577087402
0.8989400267601013,0.923429548740387,238,84.78546142578125,-64.73114776611328,-7.0,21.586835861206055
0.9012709259986877,0.3625831604003906,239,-8.631613731384277,8.083939552307129,-14.0,3.8991620540618896
0.6761431694030762,0.31525737047195435,240,-2.125314235687256,0.02116740308701992,-10.0,0.5529285669326782
0.5043296813964844,0.9158739447593689,241,0.13749732077121735,-0.17254434525966644,-10.0,2.0931520462036133
0.46092912554740906,0.6709966659545898,242,-18.700910568237305,7.412264823913574,-13.0,13.736984252929688
0.7221555709838867,0.8988375067710876,243,-10.789108276367188,13.265658378601074,-14.0,9.639054298400879
0.7114453911781311,0.9702742695808411,244,31.297067642211914,-82.48365783691406,-2.0,33.197181701660156
0.7266298532485962,0.9127477407455444,245,52.0263786315918,-117.4537124633789,-2.0,43.487430572509766
0.6333376169204712,0.8778755068778992,246,52.33802795410156,-94.69683837890625,-7.0,50.75050354003906
0.30427783727645874,0.8437412977218628,247,-2.5726466178894043,4.851013660430908,-10.0,1.5374335050582886
0.9929813742637634,0.513505756855011,248,-45.894309997558594,3.207115650177002,-20.0,18.99167823791504
0.7266550660133362,0.7758028507232666,249,93.76957702636719,-67.89505767822266,-10.0,32.85541915893555
1.0507334470748901,0.9059789180755615,250,-91.88858032226562,43.11164093017578,-26.0,63.32905578613281
0.3533499240875244,0.875724732875824,251,24.172271728515625,-127.86480712890625,0.0,58.997108459472656
0.7645151019096375,0.9396343231201172,252,-5.900733947753906,-23.68135643005371,-6.0,7.050180435180664
0.3902970254421234,0.7940954566001892,253,-1.9269826412200928,1.613699197769165,-10.0,0.785769522190094
0.6185117959976196,0.7541631460189819,254,-0.5234494209289551,0.501505434513092,-10.0,0.242025688290596
0.5764904618263245,1.0018936395645142,255,39.75581741333008,-36.7181396484375,-10.0,9.72801685333252
0.758717954158783,0.8806122541427612,256,156.2030487060547,-163.3274688720703,-1.0,72.3851089477539
0.8058606386184692,0.8069289326667786,257,-25.843725204467773,27.310714721679688,-15.0,16.37177085876465
0.7511842250823975,0.9157852530479431,258,-20.259538650512695,28.42177391052246,-15.0,11.281249046325684
0.6708219647407532,0.8534976243972778,259,-18.2554874420166,5.4339728355407715,-15.0,4.930630207061768
0.45694443583488464,0.9606085419654846,260,110.18537902832031,-367.31304931640625,15.0,212.04208374023438
0.4054691195487976,0.9119617938995361,261,58.6319694519043,-223.49090576171875,5.0,97.6915054321289
0.4188843071460724,0.9057599902153015,262,-3.851163387298584,1.1319831609725952,-10.0,5.549961566925049
0.4119049608707428,0.8229117393493652,263,-1.631877064704895,3.056320905685425,-10.0,2.0471603870391846
0.7749977111816406,0.8462451100349426,264,-4.112446308135986,-5.109401226043701,-19.0,7.500307559967041
0.44135764241218567,0.969158947467804,265,58.7354736328125,-137.3304901123047,-3.0,42.34540557861328
0.38575127720832825,0.9034069776535034,266,37.002967834472656,-141.0075225830078,-5.0,37.49673080444336
0.6190007925033569,0.8462625741958618,267,95.76531982421875,-124.46724700927734,-6.0,38.13333511352539
0.5479471683502197,0.8608217835426331,268,-9.032509803771973,7.451622009277344,-11.0,6.66431999206543
0.4614167809486389,0.8604097962379456,269,6.221590995788574,-65.84772491455078,-2.0,15.591660499572754
0.5830307006835938,0.8054506778717041,270,-16.284244537353516,13.987178802490234,-14.0,10.118325233459473
0.1899719089269638,0.43833738565444946,271,-8.149190902709961,0.8075920343399048,-10.0,4.511477947235107
0.6901457905769348,0.8215351700782776,272,-4.412717819213867,-12.767202377319336,-5.0,10.090164184570312
0.5238330960273743,0.7750551104545593,273,24.816009521484375,-32.005462646484375,-10.0,13.669875144958496
0.38612765073776245,0.6823606491088867,274,-0.5695748329162598,2.249171257019043,-10.0,1.6060600280761719
0.46926021575927734,0.7142608165740967,275,-31.798295974731445,37.65571212768555,-15.0,13.756757736206055
0.3536142408847809,0.703430712223053,276,70.47134399414062,-136.48094177246094,2.0,69.48564910888672
0.1544206291437149,0.3838549256324768,277,-8.492929458618164,0.6161715984344482,-10.0,4.071600914001465
0.3511958718299866,0.629260778427124,278,-0.12146051973104477,1.0516599416732788,-10.0,0.9543741941452026
0.34476932883262634,0.6112778782844543,279,-0.00038724811747670174,0.6964899301528931,-10.0,0.7587468028068542
0.4502422511577606,0.695577085018158,280,-13.162737846374512,7.189429759979248,-15.0,3.2272679805755615
0.532546877861023,0.6741668581962585,281,14.261210441589355,-27.303783416748047,-10.0,8.262788772583008
0.2653989791870117,0.6173617839813232,282,21.545351028442383,-176.79676818847656,0.0,36.875640869140625
0.4416268765926361,0.6208068132400513,283,41.944976806640625,-107.36967468261719,-2.0,37.78731155395508
0.45077571272850037,0.5785039067268372,284,80.6695327758789,-182.06692504882812,8.0,139.27427673339844
0.4123692214488983,0.5445331335067749,285,-8.386592864990234,7.163577079772949,-14.0,2.309617280960083
0.5825111865997314,0.8001450300216675,286,12.932978630065918,-43.00111389160156,-7.0,9.653294563293457
0.26328742504119873,0.4093104898929596,287,0.5471115708351135,-5.270630836486816,-10.0,0.7127874493598938
0.7254989743232727,0.6331694722175598,288,-17.288616180419922,11.353325843811035,-15.0,10.026488304138184
0.5114594101905823,0.544613778591156,289,33.781829833984375,-51.58778762817383,-5.0,39.83863067626953
0.2913389205932617,0.4217090606689453,290,0.29107579588890076,-0.05269921198487282,-10.0,0.41845929622650146
0.3942812383174896,0.4379866123199463,291,2.8648219108581543,-2.9020915031433105,-10.0,2.0076186656951904
0.3241402506828308,0.39385804533958435,292,1.2539327144622803,-3.752915382385254,-10.0,1.514143705368042
0.45142531394958496,0.6646362543106079,293,21.369525909423828,-74.46430206298828,-1.0,33.38942337036133
0.3487670123577118,0.4911293089389801,294,-6.424655914306641,1.0275182723999023,-10.0,2.482708692550659
0.41247043013572693,0.47881588339805603,295,21.37860870361328,-58.85249710083008,-6.0,14.8660306930542
0.24699370563030243,0.4778035879135132,296,-0.42697522044181824,-12.344752311706543,-10.0,1.8106869459152222
0.23380009829998016,0.4567814767360687,297,-1.686374306678772,5.981899738311768,-10.0,1.8325954675674438
0.27087536454200745,0.3467065393924713,298,-1.3341338634490967,-0.5721855759620667,-10.0,1.4758104085922241
0.21165969967842102,0.3503141403198242,299,-2.596200704574585,0.9653840661048889,-10.0,0.6423962116241455
0.47159212827682495,0.5805717706680298,300,-4.980406761169434,16.278257369995117,-19.0,14.887961387634277
0.27082186937332153,0.4113198518753052,301,48.876319885253906,-177.81491088867188,5.0,112.61958312988281
0.33800819516181946,0.46394672989845276,302,51.37503433227539,-45.13164520263672,-4.0,53.406639099121094
0.1632053554058075,0.3130034804344177,303,-4.057190418243408,0.3378286361694336,-10.0,0.5033303499221802
0.5539210438728333,0.5952568054199219,304,-29.15139389038086,5.148604869842529,-14.0,13.622090339660645
0.13430474698543549,0.298130601644516,305,5.283877372741699,-47.30175018310547,0.0,59.81718444824219
0.11572360247373581,0.2629263401031494,306,4.140362739562988,-15.937356948852539,0.0,57.132991790771484
0.10380911827087402,0.2657645344734192,307,3.467381238937378,-16.033740997314453,0.0,54.38669967651367
0.22687876224517822,0.3876214623451233,308,-58.271400451660156,53.174163818359375,-18.0,18.978376388549805
0.161948561668396,0.35983118414878845,309,-3.7929422855377197,-17.612764358520508,-5.0,17.18890953063965
0.07907933741807938,0.3127800524234772,310,2.2025187015533447,-92.8267593383789,0.0,44.742794036865234
0.07095354050397873,0.42059117555618286,311,1.3683472871780396,-58.94164276123047,-3.0,23.52545166015625
0.06983941048383713,0.3235882818698883,312,1.7774699926376343,-55.36119079589844,0.0,39.13981628417969
0.06421490758657455,0.3551129400730133,313,1.1371164321899414,-21.272111892700195,-3.0,18.950963973999023
0.06118788197636604,0.41020071506500244,314,1.4107542037963867,-58.427738189697266,0.0,33.3938102722168
0.33045727014541626,0.5722477436065674,315,-44.25007247924805,26.454404830932617,-8.0,11.66517162322998
0.05206683650612831,0.3681851923465729,316,0.7261443138122559,-14.590413093566895,-3.0,11.90818977355957
0.05013570934534073,0.34271717071533203,317,0.9483969211578369,-40.38561248779297,0.0,22.244178771972656
0.08339069038629532,0.38902994990348816,318,4.527968406677246,-80.80754089355469,4.0,21.995454788208008
0.052177637815475464,0.4296574294567108,319,1.2424463033676147,-81.84954071044922,4.0,31.706008911132812
0.051305342465639114,0.42883411049842834,320,1.198891043663025,-89.96891021728516,4.0,26.486112594604492
0.035212282091379166,0.5655731558799744,321,0.3272932171821594,-3.2877745628356934,-3.0,6.210442066192627
0.0344649963080883,0.4977487623691559,322,0.48753872513771057,-16.536880493164062,0.0,11.927762031555176
0.06788093596696854,0.4708871841430664,323,2.7266900539398193,-85.0029296875,4.0,32.86294937133789
0.0323910154402256,0.44053569436073303,324,0.24560552835464478,4.9258646965026855,-3.0,5.179296970367432
0.03984219208359718,0.37944668531417847,325,0.6237615346908569,-40.836585998535156,0.0,13.20418930053711
0.03148108348250389,0.4551624059677124,326,0.3923697769641876,-21.246854782104492,0.0,9.256690979003906
0.05958884209394455,0.44452807307243347,327,2.9214260578155518,-34.23902893066406,1.0,13.0357027053833
0.02756432816386223,0.4756401479244232,328,0.2975609004497528,-6.729353427886963,0.0,7.077651500701904
0.032935645431280136,0.4199450612068176,329,0.6614900231361389,-36.45258712768555,4.0,20.588272094726562
0.030507992953062057,0.33533886075019836,330,0.3420465588569641,-15.894983291625977,0.0,8.078856468200684
0.3178579807281494,0.6597177982330322,331,-2.842802047729492,9.307260513305664,-6.0,7.214673042297363
0.023839889094233513,0.43519335985183716,332,0.21264831721782684,-4.374511241912842,0.0,5.190021991729736
0.023076482117176056,0.43796801567077637,333,0.1961115449666977,-3.3841893672943115,0.0,4.89471435546875
0.034298501908779144,0.4947867691516876,334,0.9594036340713501,-81.9467544555664,8.0,37.85757827758789
0.08963827043771744,0.5912871360778809,335,4.937470436096191,-67.23646545410156,4.0,19.88013458251953
0.10876371711492538,0.6150232553482056,336,6.641298770904541,-12.759706497192383,-1.0,4.896281719207764
0.020454924553632736,0.4422875642776489,337,0.13985902070999146,-1.7984285354614258,0.0,3.7679495811462402
0.08953166007995605,0.6197194457054138,338,5.298671245574951,-63.28102111816406,5.0,27.60004425048828
0.021571489050984383,0.3917742967605591,339,0.17507900297641754,-2.5485575199127197,0.0,4.071925640106201
0.06292740255594254,0.4426874816417694,340,4.323622226715088,-48.924224853515625,4.0,8.11135482788086
0.020436659455299377,0.4274597465991974,341,0.1520884931087494,-2.1170566082000732,0.0,3.734646797180176
0.019587507471442223,0.45546817779541016,342,0.13949143886566162,-3.198504686355591,0.0,3.3463943004608154
0.38979604840278625,0.6460672616958618,343,-100.93412780761719,24.30803680419922,-15.0,62.393409729003906
0.02297150157392025,0.46808183193206787,344,0.17661669850349426,-17.309946060180664,0.0,4.018024921417236
0.03131827712059021,0.4659205377101898,345,0.527406632900238,-8.938047409057617,0.0,3.669325590133667
0.042053211480379105,0.6122846007347107,346,1.3771381378173828,-36.317996978759766,4.0,11.938488960266113
0.05519605800509453,0.5684520602226257,347,1.7713494300842285,-67.7005844116211,4.0,13.815608024597168
0.08296805620193481,0.6722804307937622,348,2.77323579788208,-102.41313171386719,4.0,22.383882522583008
0.3225892186164856,0.7908887267112732,349,11.184600830078125,-31.162954330444336,-7.0,15.83895492553711
0.32512253522872925,0.8117262721061707,350,-19.52672004699707,28.39071273803711,-9.0,22.069812774658203
0.09541492164134979,0.5659811496734619,351,4.569508075714111,-119.2603530883789,6.0,19.11255645751953
0.03441040962934494,0.5183857083320618,352,0.4474652111530304,-25.786779403686523,0.0,5.009894847869873
0.03986489027738571,0.5813713073730469,353,0.964583158493042,-59.40283966064453,4.0,20.021690368652344
0.021600788459181786,0.4414898157119751,354,0.18515066802501678,-8.693836212158203,0.0,3.3755078315734863
0.03860883787274361,0.5452549457550049,355,0.8499035239219666,-57.207393646240234,4.0,13.348549842834473
0.08711011707782745,0.6161247491836548,356,71.9334945678711,-108.423095703125,9.0,44.25465774536133
0.5421801805496216,0.8631574511528015,357,-73.59271240234375,147.7817840576172,-16.0,77.239501953125
0.025989092886447906,0.5023223161697388,358,0.12341802567243576,2.033029794692993,-3.0,4.1180315017700195
0.18643194437026978,0.7557348608970642,359,-4.187685489654541,-54.9357795715332,4.0,29.720705032348633
0.01431428175419569,0.4080474376678467,360,0.032360661774873734,-10.178369522094727,0.0,1.1338173151016235
0.01309806015342474,0.41948163509368896,361,0.02497485838830471,-6.085422992706299,0.0,0.9938018918037415
0.0688512995839119,0.7765424847602844,362,0.7569497227668762,-20.398237228393555,-2.0,1.6976736783981323
0.014346037060022354,0.4325188398361206,363,0.04491560533642769,-6.743875026702881,0.0,1.1045811176300049
0.04159892722964287,0.6722638010978699,364,0.7238872647285461,-72.7357406616211,4.0,15.613781929016113
0.11742066591978073,0.6530601978302002,365,3.256645679473877,-34.42723846435547,0.0,6.635419845581055
0.06718932837247849,0.679364025592804,366,3.1385116577148438,-81.04959106445312,4.0,17.009214401245117
0.10797517746686935,0.662702739238739,367,26.30951690673828,-182.1233367919922,13.0,90.25940704345703
0.7279755473136902,0.8333271741867065,368,-35.87718963623047,22.985984802246094,-11.0,10.365487098693848
0.10817751288414001,0.6726077198982239,369,5.459386348724365,-195.83407592773438,14.0,75.01380157470703
0.02789081260561943,0.5239484310150146,370,0.16891522705554962,-16.436973571777344,0.0,2.7616147994995117
0.6347348690032959,0.8646615743637085,371,-43.006683349609375,59.69760513305664,-7.0,15.637939453125
0.08246902376413345,0.601718544960022,372,3.331444025039673,-153.4127655029297,14.0,65.08390808105469
0.01977129653096199,0.5160633325576782,373,0.0626540407538414,-8.34231948852539,0.0,0.8041266798973083
0.0470857247710228,0.5143002867698669,374,0.5693099498748779,-39.36214828491211,2.0,8.908843040466309
0.06105570122599602,0.515889048576355,375,-66.04373931884766,34.183860778808594,-9.0,32.52656936645508
0.019910864531993866,0.47804519534111023,376,-0.046198904514312744,10.42579174041748,-3.0,1.9700738191604614
0.012087431736290455,0.4161868691444397,377,0.009587971493601799,-4.816938400268555,0.0,0.16093282401561737
0.018442654982209206,0.47079887986183167,378,-0.05837344005703926,20.59078025817871,-3.0,1.4911268949508667
0.020713604986667633,0.5109031796455383,379,0.05083104223012924,-8.058441162109375,0.0,0.5430930852890015
0.0676283910870552,0.5118927955627441,380,2.5218849182128906,-152.86306762695312,14.0,36.00263214111328
0.018993588164448738,0.4384462833404541,381,-0.05121462047100067,18.275226593017578,-3.0,1.287052869796753
0.812242865562439,0.8709414601325989,382,-127.59288024902344,201.4561309814453,-15.0,69.63710021972656
0.013286695815622807,0.4257884621620178,383,-0.05174733325839043,17.892480850219727,-3.0,2.4125068187713623
0.017452865839004517,0.4446856379508972,384,0.04165906831622124,-2.298793077468872,0.0,0.5791702270507812
0.051599133759737015,0.4938720762729645,385,1.4569114446640015,-63.49778747558594,10.0,25.012693405151367
0.01683945208787918,0.4658421277999878,386,0.061935439705848694,-14.706459999084473,1.0,1.4149115085601807
0.013397281058132648,0.5169070363044739,387,-0.05168769136071205,16.719058990478516,-3.0,1.9489085674285889
0.014402446337044239,0.48922011256217957,388,0.015277393162250519,-3.7279744148254395,0.0,0.1562068611383438
0.010826397687196732,0.4073575735092163,389,0.00977266300469637,-2.447878837585449,0.0,0.11354853957891464
0.04605220630764961,0.5430593490600586,390,1.2975791692733765,-86.55747985839844,10.0,38.669342041015625
0.028355734422802925,0.5456861257553101,391,0.3614521026611328,-21.016019821166992,5.0,3.4787063598632812
0.01240445300936699,0.5139846205711365,392,-0.05460020899772644,13.470870018005371,-3.0,2.631166458129883
0.012697265483438969,0.5013265013694763,393,0.0016405233182013035,-1.8085461854934692,0.0,0.09794499725103378
0.36919450759887695,0.712393581867218,394,-10.518670082092285,25.715635299682617,-5.0,11.951722145080566
0.010807800106704235,0.4438105821609497,395,-0.043170005083084106,19.476680755615234,-3.0,2.454590082168579
0.013676817528903484,0.41039562225341797,396,-0.06718531250953674,16.071393966674805,-3.0,2.703045606613159
0.01281332690268755,0.445326566696167,397,-0.04817251116037369,19.27033233642578,-3.0,2.453455924987793
0.011190706863999367,0.40651997923851013,398,-0.0011766401585191488,-1.9984550476074219,0.0,0.12837766110897064
0.013651196844875813,0.4355142116546631,399,-0.06218131631612778,29.216487884521484,-3.0,2.68351674079895
0.012655721046030521,0.4007784128189087,400,-0.05561418831348419,23.215784072875977,-3.0,2.5617666244506836
0.011178243905305862,0.3852650821208954,401,0.0031909167300909758,-2.149014472961426,0.0,0.13506291806697845
0.0119928028434515,0.43858373165130615,402,0.004790631588548422,-3.7786097526550293,0.0,0.10735495388507843
0.0241555143147707,0.4017244279384613,403,0.257068008184433,-36.899864196777344,5.0,2.434701442718506
0.012161532416939735,0.3579331636428833,404,-20.462535858154297,6.3208160400390625,-3.0,3.0120489597320557
0.01099637895822525,0.3656825125217438,405,0.0013812317047268152,-1.8679124116897583,0.0,0.13385823369026184
0.01063938345760107,0.3600299060344696,406,0.0016757013509050012,-1.9944521188735962,0.0,0.13569369912147522
0.01072398666292429,0.43465885519981384,407,0.011561444029211998,-7.361504077911377,0.0,0.23967190086841583
0.010939018800854683,0.34035584330558777,408,-0.04847527667880058,18.1597843170166,-3.0,2.4937102794647217
0.009477993473410606,0.3379991948604584,409,0.0017722424818202853,-2.902486801147461,0.0,0.11975054442882538
0.008731916546821594,0.3639918863773346,410,-0.03276899829506874,10.041573524475098,-3.0,2.27327036857605
0.016877898946404457,0.4139077067375183,411,0.14048822224140167,-17.22287940979004,1.0,3.92087984085083
0.00850976724177599,0.32320117950439453,412,-0.032870858907699585,7.05508279800415,-3.0,2.5497992038726807
0.008446313440799713,0.30972087383270264,413,-0.03184758499264717,6.672198295593262,-3.0,2.386080503463745
0.02003522962331772,0.32989025115966797,414,0.08775552362203598,-20.291244506835938,2.0,5.249195575714111
0.0096483388915658,0.2705819606781006,415,0.005800505168735981,-6.474063396453857,0.0,0.2145114541053772
0.013933242298662663,0.30056896805763245,416,0.19629377126693726,-27.68587875366211,4.0,6.085272312164307
0.010927746072411537,0.2544495761394501,417,0.1391180008649826,-38.28470230102539,5.0,13.459029197692871
0.007293497212231159,0.21358679234981537,418,0.004312234465032816,-0.41153815388679504,0.0,0.24014225602149963
0.00820967461913824,0.24028034508228302,419,0.008740509860217571,-5.004368305206299,0.0,0.28562963008880615
0.008301067166030407,0.20131240785121918,420,0.0049768234603106976,-3.675442695617676,0.0,0.21616409718990326
0.007703374605625868,0.17694468796253204,421,0.00142423075158149,-0.18149812519550323,0.0,0.14603658020496368
0.0090308403596282,0.24257808923721313,422,0.008912762627005577,-4.964591026306152,0.0,0.21809658408164978
0.008672751486301422,0.20385727286338806,423,-0.03277505934238434,10.262553215026855,-3.0,2.1768856048583984
0.007634335663169622,0.15337547659873962,424,-0.00030572115792892873,-0.019928060472011566,0.0,0.0923619493842125
0.010127411223948002,0.24234187602996826,425,-0.03768371418118477,18.34244728088379,-3.0,2.128272533416748
0.008102341555058956,0.1434999704360962,426,-0.031177451834082603,6.5174241065979,-3.0,2.836683750152588
0.007066105026751757,0.14213979244232178,427,0.0005416901549324393,-0.010258762165904045,0.0,0.08974326401948929
0.01001853309571743,0.14137159287929535,428,-0.03792387619614601,16.540849685668945,-3.0,2.446699619293213
0.007066268473863602,0.14746807515621185,429,0.0013237099628895521,-0.05715733766555786,0.0,0.092920683324337
0.008122744970023632,0.15490572154521942,430,-0.029277104884386063,5.3889665603637695,-3.0,2.545729160308838
0.007078246679157019,0.1614743173122406,431,0.0025215689092874527,-0.1628761738538742,0.0,0.11460039019584656
0.009035345166921616,0.16682583093643188,432,0.00659317197278142,-0.6877756714820862,0.0,0.13818007707595825
0.009045539423823357,0.17678231000900269,433,0.008768036961555481,-2.2984514236450195,0.0,0.17407090961933136
0.008731171488761902,0.18986277282238007,434,-0.029693081974983215,5.267402172088623,-3.0,2.140584707260132
0.008172835223376751,0.18968889117240906,435,-0.028108028694987297,4.981664657592773,-3.0,1.9537333250045776
0.06359969824552536,0.3182408809661865,436,4.484447002410889,-83.1407241821289,5.0,13.431234359741211
0.008801565505564213,0.19818156957626343,437,-0.029449250549077988,5.486875534057617,-3.0,1.5609495639801025
0.00884051900357008,0.20381735265254974,438,-0.025176288560032845,5.591739654541016,-3.0,1.4167990684509277
0.007183481473475695,0.19797490537166595,439,0.008644080720841885,-1.0720635652542114,0.0,0.5577602386474609
0.008316530846059322,0.2082669585943222,440,-0.022278832271695137,2.513336658477783,-3.0,1.0092952251434326
0.009280203841626644,0.2013053148984909,441,0.019438093528151512,-8.03402042388916,0.0,0.9202218651771545
0.008390149101614952,0.20489704608917236,442,-0.02091885730624199,2.077101230621338,-3.0,0.735741138458252
0.009372950531542301,0.18919043242931366,443,0.01757216826081276,-6.659518241882324,0.0,1.1691311597824097
0.010049180127680302,0.1803138703107834,444,0.01936301216483116,-7.407332897186279,0.0,1.2874642610549927
0.009441789239645004,0.16104862093925476,445,0.021511685103178024,-9.383769035339355,0.0,1.3977121114730835
0.00735831493511796,0.14284363389015198,446,0.014270822517573833,-0.9781058430671692,0.0,1.376045823097229
0.007362963631749153,0.13135315477848053,447,0.013871937058866024,-0.811475932598114,0.0,1.315688967704773
0.2690300941467285,0.3578045666217804,448,-86.00420379638672,12.214762687683105,-14.0,9.170190811157227
0.007780898828059435,0.12533029913902283,449,0.013021323829889297,-0.7741573452949524,0.0,1.0882021188735962
0.006927868817001581,0.12200270593166351,450,0.010955708101391792,-0.5580019354820251,0.0,0.9383623003959656
0.008597476407885551,0.17649325728416443,451,0.01550760306417942,-12.455471992492676,0.0,0.640209972858429
0.09394778311252594,0.23572656512260437,452,4.729538440704346,-29.199230194091797,2.0,6.425358295440674
0.44084811210632324,0.4866390526294708,453,-92.99287414550781,6.070495128631592,-14.0,72.8190689086914
0.006916119251400232,0.13077671825885773,454,0.006527995225042105,-0.4303344488143921,0.0,0.4444235861301422
0.006732423789799213,0.13225427269935608,455,0.005453452933579683,-0.37915071845054626,0.0,0.3727973997592926
0.006894706282764673,0.13516734540462494,456,-0.02295670472085476,6.328167915344238,-3.0,1.8972643613815308
0.005585739389061928,0.13718916475772858,457,0.0029114745557308197,-0.09424436092376709,0.0,0.28255581855773926
0.006571341771632433,0.14724168181419373,458,-0.022544745355844498,6.626668453216553,-3.0,2.2140910625457764
0.0064504980109632015,0.15681831538677216,459,-0.023409806191921234,7.408506393432617,-3.0,2.205838203430176
0.0063541000708937645,0.17101389169692993,460,-0.0206241887062788,5.875455379486084,-3.0,2.236598014831543
0.005154764279723167,0.1805107444524765,461,0.0034699514508247375,-0.15620480477809906,0.0,0.21530784666538239
0.007186233997344971,0.19065171480178833,462,0.012559674680233002,-1.6038738489151,0.0,0.30008751153945923
0.00878254696726799,0.20263515412807465,463,-0.02423255704343319,7.913813591003418,-3.0,1.6548738479614258
0.006088376510888338,0.21896179020404816,464,-0.01644386164844036,4.4835920333862305,-3.0,1.868955373764038
0.004925142973661423,0.21785826981067657,465,0.005350640509277582,-0.6975787281990051,0.0,0.24399793148040771
0.3826572000980377,0.53180992603302,466,-64.89969635009766,74.13935089111328,-8.0,23.586158752441406
0.008054690435528755,0.2360016405582428,467,-0.0214927289634943,7.670045852661133,-3.0,1.4135050773620605
0.009012261405587196,0.23732273280620575,468,0.021164868026971817,-5.090730667114258,0.0,0.4575408101081848
0.18465425074100494,0.508479654788971,469,48.269412994384766,-118.73082733154297,9.0,40.763484954833984
0.006909027695655823,0.26039204001426697,470,0.013489510864019394,-3.464589834213257,0.0,0.4209355115890503
0.006901532411575317,0.2720761001110077,471,0.0171828456223011,-7.917030334472656,0.0,0.4845481812953949
0.007993396371603012,0.28883659839630127,472,-0.02088097855448723,8.869827270507812,-3.0,1.3307551145553589
0.00671825697645545,0.25469014048576355,473,0.012632803060114384,-5.222855091094971,0.0,0.4097244143486023
0.006874192506074905,0.3009251058101654,474,0.014847778715193272,-4.191921234130859,0.0,0.41714587807655334
0.010020798072218895,0.3015361726284027,475,0.025830119848251343,-6.7000322341918945,0.0,0.5541540384292603
0.011351033113896847,0.36662521958351135,476,0.15210828185081482,-50.9284553527832,4.0,8.681720733642578
0.006811888422816992,0.3237093389034271,477,0.01350785419344902,-3.851266384124756,0.0,0.33248040080070496
0.010871990583837032,0.32060307264328003,478,-0.03104253299534321,7.860681533813477,-3.0,1.4687130451202393
0.007760543376207352,0.3347288966178894,479,0.012877516448497772,-4.288695335388184,0.0,0.26388615369796753
0.00878824107348919,0.309324711561203,480,0.01856253296136856,-3.7623918056488037,0.0,0.3175733685493469
0.012761346064507961,0.2683405876159668,481,0.03348471596837044,-5.911980152130127,0.0,0.45153045654296875
0.009753815829753876,0.28947436809539795,482,0.020246343687176704,-3.3712661266326904,0.0,0.3232860267162323
0.009651729837059975,0.2756572961807251,483,-0.03495067358016968,8.951070785522461,-3.0,1.731917142868042
0.01151422131806612,0.25714075565338135,484,-0.040696464478969574,4.915878772735596,-3.0,1.6893397569656372
0.011486364528536797,0.24478566646575928,485,-0.040150292217731476,5.46534538269043,-3.0,1.7444804906845093
0.010597349144518375,0.22536663711071014,486,-0.0356791652739048,9.798262596130371,-3.0,1.757849097251892
0.011628422886133194,0.22026604413986206,487,-0.039993297308683395,3.9561944007873535,-3.0,1.5705108642578125
0.012761236168444157,0.21090750396251678,488,0.03054128773510456,-1.531636357307434,0.0,0.40659552812576294
0.012847315520048141,0.20390157401561737,489,-0.037694185972213745,4.804874420166016,-3.0,1.4177279472351074
0.011931016109883785,0.19404084980487823,490,0.03039376251399517,-3.022883415222168,0.0,0.43904876708984375
0.01207729335874319,0.18827269971370697,491,-0.034598514437675476,3.1687874794006348,-3.0,1.1929101943969727
0.010100646875798702,0.18488138914108276,492,0.02697596698999405,-5.1693902015686035,0.0,0.5287211537361145
0.013391382992267609,0.16888004541397095,493,-0.03035081923007965,4.76895809173584,-3.0,1.0467355251312256
0.013566065579652786,0.16175346076488495,494,0.04639430344104767,-1.60836660861969,0.0,0.8325141668319702
0.012527529150247574,0.15729308128356934,495,0.04389125853776932,-1.0256279706954956,0.0,0.8661868572235107
0.011296223849058151,0.15596769750118256,496,0.03721543401479721,-3.912909507751465,0.0,0.7571893930435181
0.008634023368358612,0.17248880863189697,497,-0.023087894544005394,12.101522445678711,-3.0,1.3652743101119995
0.013252011500298977,0.15899349749088287,498,-0.031154749915003777,3.990511894226074,-3.0,0.9010382294654846
0.012177272699773312,0.16038313508033752,499,-0.03163500130176544,2.2984979152679443,-3.0,0.8566164374351501
0.011116824112832546,0.15898405015468597,500,0.03389246016740799,-4.695223808288574,0.0,0.7728288173675537
0.013326490297913551,0.16136986017227173,501,-0.029970182105898857,3.193524122238159,-3.0,0.7688083052635193
0.012390997260808945,0.16067452728748322,502,0.04279015213251114,-7.9697980880737305,0.0,1.0223784446716309
0.012408772483468056,0.15894591808319092,503,0.04365156963467598,-1.203957200050354,0.0,1.068149209022522
0.011194935068488121,0.15953129529953003,504,0.03642546385526657,-5.097879886627197,0.0,0.9311277866363525
0.012235874310135841,0.16095370054244995,505,0.04092321917414665,-1.2388050556182861,0.0,1.031683087348938
0.013093828223645687,0.1646174043416977,506,0.04094662144780159,-1.7391225099563599,0.0,0.9798837304115295
0.010771061293780804,0.169883131980896,507,0.02942134626209736,-4.440428733825684,0.0,0.7780328392982483
0.011618994176387787,0.17456530034542084,508,0.030705764889717102,-1.2848091125488281,0.0,0.7908276915550232
0.011364712379872799,0.18179303407669067,509,-0.03710106387734413,2.896359443664551,-3.0,1.0170003175735474
0.011171434074640274,0.184283047914505,510,0.021870458498597145,-4.012253761291504,0.0,0.5668860077857971
0.012021246366202831,0.18571467697620392,511,-0.040497440844774246,3.804683208465576,-3.0,1.1494117975234985
0.01201733946800232,0.18485009670257568,512,-0.03936690464615822,4.631162643432617,-3.0,1.1634410619735718
0.011213424615561962,0.18747897446155548,513,-0.03573191165924072,4.7473907470703125,-3.0,1.11139714717865
0.010354368947446346,0.19167524576187134,514,0.023281561210751534,-3.623760938644409,0.0,0.6133171319961548
0.010486134327948093,0.20844997465610504,515,-0.029696883633732796,10.08602523803711,-3.0,1.0599123239517212
0.011569666676223278,0.20059141516685486,516,-0.032219912856817245,3.9593729972839355,-3.0,0.9205641746520996
0.1552736759185791,0.41243717074394226,517,36.9293212890625,-131.3687286376953,10.0,46.33553695678711
0.010843584313988686,0.23107528686523438,518,0.03022528812289238,-6.081148624420166,0.0,0.8457600474357605
0.011093919165432453,0.2400941550731659,519,-48.05500793457031,27.141109466552734,-10.0,38.85808181762695
0.009671133011579514,0.237999826669693,520,0.030364353209733963,-5.264664649963379,0.0,1.014764666557312
0.009380639530718327,0.22264887392520905,521,-0.019685441628098488,2.1898748874664307,-3.0,0.6581077575683594
0.00853242352604866,0.22020526230335236,522,-0.01640699803829193,3.2064061164855957,-3.0,0.6854138374328613
0.017446009442210197,0.26040858030319214,523,0.242662250995636,-62.191688537597656,5.0,17.75792694091797
0.007794022560119629,0.18363399803638458,524,0.018719129264354706,-6.132978916168213,0.0,0.7909110188484192
0.006987046450376511,0.2075476050376892,525,0.020793993026018143,-2.233790159225464,0.0,1.1905146837234497
0.0053635407239198685,0.24669212102890015,526,0.011253733187913895,-10.327078819274902,0.0,0.8632127642631531
0.00579453818500042,0.22376342117786407,527,0.014179407618939877,-6.71115255355835,0.0,0.9993388652801514
0.005616556853055954,0.2151286005973816,528,0.013607131317257881,-6.202469348907471,0.0,1.0138262510299683
0.005641541909426451,0.1852216124534607,529,0.013786979019641876,-3.7866451740264893,0.0,1.0158777236938477
0.005735392682254314,0.1744430959224701,530,-0.010518859140574932,3.199035882949829,-3.0,0.7245028018951416
0.005587852094322443,0.16544198989868164,531,0.01334616169333458,-1.2870278358459473,0.0,0.9671347737312317
0.005457320716232061,0.16192381083965302,532,-0.010906620882451534,2.0985748767852783,-3.0,0.7787845134735107
0.00535327335819602,0.1553741693496704,533,0.011974249966442585,-1.1058969497680664,0.0,0.8881056904792786
0.005258885677903891,0.15381290018558502,534,0.011390700936317444,-1.0659738779067993,0.0,0.8496482968330383
0.005173916928470135,0.1566486656665802,535,0.010718187317252159,-1.065656304359436,0.0,0.791060209274292
0.005096382927149534,0.16355247795581818,536,-0.011221322230994701,2.972017288208008,-3.0,0.9714288115501404
0.005036209709942341,0.16827630996704102,537,-0.011203787289559841,2.723123073577881,-3.0,0.9843425154685974
0.004990546964108944,0.1693408042192459,538,0.009745197370648384,-1.1960182189941406,0.0,0.726429283618927
0.004946995992213488,0.17482221126556396,539,0.00965231005102396,-1.2837327718734741,0.0,0.7305735945701599
0.004906482063233852,0.18434962630271912,540,-0.010706187225878239,2.7594358921051025,-3.0,0.9663366675376892
0.1521812081336975,0.32848894596099854,541,-19.271644592285156,0.20313571393489838,-5.0,7.398769378662109
0.004388147499412298,0.21174976229667664,542,-0.010198348201811314,6.368051052093506,-3.0,0.9785140752792358
0.004335543140769005,0.19860190153121948,543,0.007677961140871048,-3.6480629444122314,0.0,0.7210199236869812
0.004000841174274683,0.23081336915493011,544,0.0067901709116995335,-4.918000221252441,0.0,0.6994094848632812
0.003861767705529928,0.2352893054485321,545,-0.00856011826545,7.243279457092285,-3.0,1.0303549766540527
0.00384927773848176,0.22085899114608765,546,0.006311452016234398,-3.9199655055999756,0.0,0.6053526401519775
0.003816839773207903,0.2229660600423813,547,0.0060584391467273235,-3.7038135528564453,0.0,0.6048238277435303
0.003485953202471137,0.25624987483024597,548,0.004412364214658737,-4.385962009429932,0.0,0.48260441422462463
0.0035630976781249046,0.2561183273792267,549,0.00490950234234333,-4.275653839111328,0.0,0.49991095066070557
0.0036325466353446245,0.23750188946723938,550,-0.008465728722512722,4.366511821746826,-3.0,1.2971631288528442
0.0033995627891272306,0.26248037815093994,551,0.00415250938385725,-2.8958992958068848,0.0,0.39206188917160034
0.003280778182670474,0.26517850160598755,552,0.003100510686635971,-2.6102890968322754,0.0,0.27409878373146057
0.0033163882326334715,0.2650860846042633,553,-0.00868788082152605,9.733399391174316,-3.0,1.8322339057922363
0.0032833009026944637,0.26753151416778564,554,0.0032414228189736605,-2.231339693069458,0.0,0.23169544339179993
0.003253167262300849,0.27031049132347107,555,0.0029703984037041664,-1.7913669347763062,0.0,0.20541881024837494
0.003117483342066407,0.27706027030944824,556,0.0022594633046537638,-2.1351118087768555,0.0,0.15309719741344452
0.0030379202216863632,0.3038739264011383,557,-0.009055810049176216,12.83098030090332,-3.0,2.511786937713623
0.0030588731169700623,0.3006216883659363,558,-0.00980544276535511,13.417620658874512,-3.0,2.572749614715576
0.0030417125672101974,0.29467493295669556,559,-0.009503921493887901,13.125016212463379,-3.0,2.7771167755126953
0.002928153844550252,0.2840668559074402,560,0.0007201959961093962,0.055923253297805786,0.0,0.09014079719781876
0.0029746494255959988,0.2635558247566223,561,-0.009660794399678707,11.042106628417969,-3.0,2.7509796619415283
0.0029080966487526894,0.24409861862659454,562,0.0006540741305798292,0.3013989329338074,0.0,0.08983530849218369
0.0028041561599820852,0.24555973708629608,563,-0.009228488430380821,6.545634746551514,-3.0,2.904141902923584
0.0027987428475171328,0.22177492082118988,564,-0.009348904713988304,6.219555377960205,-3.0,2.8053009510040283
0.002794683212414384,0.19577406346797943,565,-0.009161611087620258,5.3628764152526855,-3.0,2.750485420227051
0.0027924571186304092,0.16929011046886444,566,-0.009334965609014034,6.355077743530273,-3.0,2.5392463207244873
0.0029427846893668175,0.13738533854484558,567,-0.009097803384065628,11.846044540405273,-3.0,2.3335764408111572
0.002889980562031269,0.12655439972877502,568,0.0011601168662309647,-0.6983367204666138,0.0,0.14886467158794403
0.0027420795522630215,0.1268233060836792,569,0.0006869127973914146,-0.2545989453792572,0.0,0.16562286019325256
0.002794975880533457,0.11999154090881348,570,-0.008605101145803928,4.210299968719482,-3.0,1.994715690612793
0.002945088781416416,0.10775841772556305,571,-0.008844044990837574,12.33951187133789,-3.0,1.7852996587753296
0.0028961440548300743,0.10871560126543045,572,0.00171429303009063,-2.7088592052459717,0.0,0.2862964868545532
0.0027507732156664133,0.11401472985744476,573,0.0011993444059044123,-0.36581072211265564,0.0,0.306623637676239
0.0027522628661245108,0.1139586940407753,574,0.0012643025256693363,-0.3760601580142975,0.0,0.3200972378253937
0.0027530870866030455,0.11668334156274796,575,0.0012885977048426867,-0.38496166467666626,0.0,0.3146257996559143
0.0054325503297150135,0.18062293529510498,576,0.007425242569297552,-6.171142101287842,0.0,0.3172565698623657
0.002787683391943574,0.12317933142185211,577,0.0011153180385008454,-0.5307504534721375,0.0,0.2741401195526123
0.0027514202520251274,0.13151146471500397,578,0.0011725189397111535,-0.37285539507865906,0.0,0.23745495080947876
0.0027500581927597523,0.14050370454788208,579,0.0010882907081395388,-0.35600003600120544,0.0,0.20227780938148499
0.002748368075117469,0.15228644013404846,580,0.000987158971838653,-0.32836613059043884,0.0,0.16849088668823242
0.0027972727548331022,0.16635656356811523,581,-0.00836472399532795,4.3444647789001465,-3.0,2.208099842071533
0.002797135151922703,0.176909402012825,582,-0.008528705686330795,5.125010967254639,-3.0,2.241934299468994
0.002799593610689044,0.18402689695358276,583,-0.008568081073462963,5.553613662719727,-3.0,2.2225778102874756
0.0028041324112564325,0.18815386295318604,584,-0.008512930013239384,5.687736511230469,-3.0,2.1466612815856934
0.0029565482400357723,0.17469622194766998,585,-0.007961812429130077,9.208279609680176,-3.0,1.9798498153686523
0.002913122996687889,0.18082500994205475,586,0.002133366884663701,-2.0204122066497803,0.0,0.21218040585517883
0.0029182571452111006,0.1835581213235855,587,0.00225388933904469,-2.3543832302093506,0.0,0.23787064850330353
0.0028264529537409544,0.19839447736740112,588,-0.007776539772748947,4.0892462730407715,-3.0,1.8193342685699463
0.0028311237692832947,0.19281505048274994,589,-0.008003175258636475,5.3490753173828125,-3.0,1.6573809385299683
0.0029340970795601606,0.1724923849105835,590,0.002623990410938859,-2.999605417251587,0.0,0.3242343068122864
0.0029894562903791666,0.16397960484027863,591,-0.0075340173207223415,8.569031715393066,-3.0,1.3829667568206787
0.0028492093551903963,0.17508290708065033,592,-0.007322206161916256,3.2390074729919434,-3.0,1.4361236095428467
0.002841592999175191,0.16675534844398499,593,0.0022417937871068716,-1.2796109914779663,0.0,0.4249979257583618
0.002862297696992755,0.16787268221378326,594,-0.007345359306782484,4.378693580627441,-3.0,1.1968159675598145
0.0028203101828694344,0.16980552673339844,595,0.002626853995025158,-1.0290807485580444,0.0,0.5401908755302429
0.002876759273931384,0.1763445883989334,596,-0.006959172431379557,3.4204509258270264,-3.0,1.0415985584259033
0.0028864697087556124,0.18230357766151428,597,0.00361942988820374,-6.525855541229248,0.0,0.7923658490180969
0.003135800128802657,0.15347477793693542,598,0.004997059237211943,-9.456491470336914,0.0,0.8121548295021057
0.002901113824918866,0.1776171177625656,599,-0.00631876103579998,1.9647873640060425,-3.0,0.8454682230949402
