entropy_p1,entropy_p2,episode,policy_loss_p1,policy_loss_p2,return_p1
1.3699512481689453,1.3595284223556519,0,-48.78434371948242,42.87451171875,-5.0
1.3721586465835571,1.3651601076126099,1,-100.04647827148438,96.49639129638672,-12.0
1.3503925800323486,1.342234492301941,2,-74.84286499023438,63.94630432128906,-3.0
1.3723219633102417,1.3591951131820679,3,-187.00698852539062,186.8160400390625,-21.0
1.3703389167785645,1.3263747692108154,4,-52.68717956542969,51.343143463134766,-11.0
1.3712711334228516,1.3378682136535645,5,-183.3820343017578,172.66810607910156,-19.0
1.3736392259597778,1.3380109071731567,6,-39.3781623840332,37.337005615234375,-10.0
1.36123788356781,1.33565092086792,7,-62.39985656738281,65.44129180908203,-7.0
1.3411545753479004,1.2647521495819092,8,-130.9059295654297,120.78096008300781,-16.0
1.346020221710205,1.2880573272705078,9,-44.02064895629883,40.14771270751953,-14.0
1.349452018737793,1.265199065208435,10,-159.53988647460938,134.17526245117188,-21.0
1.3327198028564453,1.284743309020996,11,-106.16096496582031,102.04886627197266,-3.0
1.3541791439056396,1.2395118474960327,12,-73.14420318603516,38.91937255859375,-15.0
1.3338792324066162,1.2399486303329468,13,-75.56669616699219,65.83631134033203,-15.0
1.3102083206176758,1.1561517715454102,14,-32.829471588134766,14.752423286437988,-10.0
1.3481647968292236,1.3021798133850098,15,-102.7015380859375,83.01126861572266,-10.0
1.3607242107391357,1.3106440305709839,16,-208.08055114746094,194.28408813476562,-14.0
1.3515526056289673,1.2943165302276611,17,-25.665267944335938,23.860248565673828,3.0
1.3459935188293457,1.294512152671814,18,-45.9603385925293,50.8770751953125,-4.0
1.293105125427246,1.1685798168182373,19,-43.21432876586914,23.572874069213867,-7.0
1.3359054327011108,1.2639013528823853,20,160.82057189941406,-164.365234375,5.0
1.34171724319458,1.230944275856018,21,-168.3511199951172,182.3629913330078,-14.0
1.3425931930541992,1.26785409450531,22,85.29302978515625,-91.75062561035156,5.0
1.2831263542175293,1.0946385860443115,23,-34.665428161621094,39.512542724609375,-6.0
1.3405331373214722,1.2470334768295288,24,135.12767028808594,-107.83313751220703,7.0
1.2842116355895996,1.0587636232376099,25,-48.6167106628418,35.694252014160156,-15.0
1.3317418098449707,1.2414920330047607,26,-228.7667236328125,255.3916778564453,-15.0
1.3426185846328735,1.2837061882019043,27,255.57772827148438,-222.95986938476562,19.0
1.3116718530654907,1.2376841306686401,28,117.35040283203125,-90.17620849609375,7.0
1.3280665874481201,1.2582138776779175,29,-329.85821533203125,268.1380920410156,-29.0
1.3034372329711914,1.1553776264190674,30,-127.19317626953125,153.83050537109375,-17.0
1.2911816835403442,1.125305414199829,31,-81.72506713867188,65.96028900146484,-16.0
1.3045806884765625,1.2003036737442017,32,-257.4081726074219,224.23207092285156,-23.0
1.2648918628692627,1.1691057682037354,33,-58.681983947753906,49.25505828857422,-15.0
1.2589831352233887,1.0600088834762573,34,-40.418548583984375,39.15898895263672,-10.0
1.3091243505477905,1.2069530487060547,35,-96.46057891845703,62.9581298828125,-11.0
1.2745604515075684,1.0622520446777344,36,-50.25755310058594,27.015722274780273,-11.0
1.3263909816741943,1.2146960496902466,37,-27.354995727539062,13.513254165649414,-1.0
1.3311399221420288,1.2302931547164917,38,-175.89378356933594,143.0477294921875,-19.0
1.3035720586776733,1.2585906982421875,39,-174.39251708984375,120.87059020996094,-19.0
1.2889529466629028,1.173821210861206,40,-72.61944580078125,78.94915771484375,-11.0
1.1968908309936523,0.8356940150260925,41,-28.053813934326172,42.43817138671875,-10.0
1.3224282264709473,1.2192641496658325,42,-57.40126037597656,44.0777587890625,-3.0
1.2673145532608032,0.9915573000907898,43,-72.22311401367188,43.0049934387207,-18.0
1.316088318824768,1.1870137453079224,44,-189.51258850097656,127.05303955078125,-22.0
1.297271728515625,1.0311050415039062,45,-77.28590393066406,52.984596252441406,-17.0
1.3213064670562744,1.2196846008300781,46,-232.11314392089844,164.62594604492188,-19.0
1.3121581077575684,1.141776204109192,47,-63.02222442626953,47.79572677612305,-11.0
1.2328616380691528,0.8892364501953125,48,-34.42540740966797,36.35923767089844,-10.0
1.2831788063049316,1.040691614151001,49,-57.459346771240234,25.8458309173584,-15.0
1.259214162826538,0.9104191064834595,50,-71.08212280273438,35.47657012939453,-16.0
1.302926778793335,1.0374791622161865,51,-57.37278747558594,32.01811981201172,-15.0
1.3063197135925293,1.1976412534713745,52,-239.6310272216797,233.32704162597656,-19.0
1.3352221250534058,1.2474745512008667,53,-67.2728271484375,81.5047378540039,-9.0
1.280519962310791,1.086445927619934,54,-113.6070785522461,93.14308166503906,-15.0
1.2567832469940186,0.9836755990982056,55,-62.55290603637695,38.102317810058594,-13.0
1.2534401416778564,0.7385882139205933,56,-21.069459915161133,5.360580921173096,-10.0
1.3327001333236694,1.1783522367477417,57,-275.8455505371094,244.03768920898438,-22.0
1.2367841005325317,1.0073713064193726,58,-52.602333068847656,54.1911735534668,-10.0
1.3101391792297363,1.1082727909088135,59,-87.10104370117188,61.12651824951172,-10.0
1.2923961877822876,0.9828327894210815,60,-23.419300079345703,29.02933692932129,-2.0
1.2587705850601196,1.0545101165771484,61,25.318668365478516,-37.91328048706055,2.0
1.250734567642212,0.6022436022758484,62,-22.28418731689453,3.6779799461364746,-10.0
1.2582402229309082,0.7512547373771667,63,-71.53292846679688,11.062240600585938,-15.0
1.3396068811416626,1.2139689922332764,64,-107.56627655029297,96.1671371459961,-8.0
1.2833566665649414,0.9785758852958679,65,-117.7556381225586,57.924835205078125,-19.0
1.2715423107147217,1.1066163778305054,66,-77.71769714355469,40.24116516113281,-9.0
1.269436240196228,0.9879258275032043,67,-62.617557525634766,50.64499282836914,-3.0
1.2261714935302734,0.45900315046310425,68,-24.984230041503906,2.3901515007019043,-10.0
1.2906594276428223,1.1258125305175781,69,-308.3540954589844,309.723388671875,-24.0
1.2447197437286377,0.923046350479126,70,-221.0857696533203,140.83084106445312,-24.0
1.313884973526001,0.9402908086776733,71,-65.82672882080078,40.236392974853516,-14.0
1.2664077281951904,0.985303521156311,72,-110.95405578613281,79.27203369140625,-13.0
1.1936224699020386,0.7868543863296509,73,-77.09547424316406,20.11029052734375,-12.0
1.2938021421432495,0.9057374000549316,74,-70.6281509399414,71.2689437866211,-15.0
1.2564008235931396,0.8316570520401001,75,-55.0553092956543,17.228715896606445,-11.0
1.2791268825531006,1.1361819505691528,76,-166.30014038085938,156.1035919189453,-14.0
1.1506314277648926,0.28818023204803467,77,-29.74230194091797,1.2453060150146484,-10.0
1.2579536437988281,0.9645783305168152,78,-55.81639862060547,38.26887893676758,-9.0
1.272297739982605,1.1388858556747437,79,-350.3227233886719,295.08251953125,-30.0
1.237857460975647,0.8636965751647949,80,-183.5315704345703,99.72769927978516,-24.0
1.2253954410552979,0.6849240064620972,81,-42.37189483642578,8.343095779418945,-10.0
1.2929247617721558,1.2114583253860474,82,89.13774108886719,-92.31829071044922,3.0
1.1661765575408936,0.8314542770385742,83,-55.12841033935547,28.94548797607422,-16.0
1.2080774307250977,0.572121798992157,84,-52.19289779663086,7.287957191467285,-15.0
1.1738723516464233,0.8393115997314453,85,-52.18840026855469,34.39070129394531,-18.0
1.220050573348999,1.0298792123794556,86,-89.5382308959961,64.24665832519531,-14.0
1.2205866575241089,0.9003096222877502,87,-102.42662048339844,50.6899528503418,-10.0
1.2839956283569336,1.159686803817749,88,124.73058319091797,-116.9216079711914,6.0
1.2927838563919067,1.1121059656143188,89,-49.058048248291016,36.36042404174805,-6.0
1.1456443071365356,0.8948061466217041,90,-122.23098754882812,67.56639099121094,-19.0
1.2115849256515503,0.6607111692428589,91,-90.219970703125,24.061077117919922,-15.0
1.2893099784851074,1.1323295831680298,92,128.91067504882812,-96.61975860595703,8.0
1.1363307237625122,0.7444728016853333,93,-120.30500793457031,31.158775329589844,-18.0
1.139845609664917,0.5952792763710022,94,-64.61952209472656,43.580562591552734,-14.0
1.1963725090026855,0.5126046538352966,95,-33.37416076660156,8.10003662109375,-14.0
1.262434959411621,1.0764877796173096,96,-306.2689514160156,301.8365478515625,-17.0
1.2580552101135254,0.9708108901977539,97,-181.65699768066406,108.0452651977539,-22.0
1.2667583227157593,1.0305808782577515,98,-162.4081573486328,132.70870971679688,-17.0
1.180885910987854,0.912241518497467,99,-242.31932067871094,155.4115447998047,-23.0
1.248857855796814,1.0488290786743164,100,-74.25231170654297,91.09622955322266,-5.0
1.2265676259994507,1.005670189857483,101,-374.17413330078125,380.2896728515625,-28.0
1.1969870328903198,0.7976070046424866,102,-146.62802124023438,68.25263977050781,-19.0
1.0661314725875854,0.654994785785675,103,-101.45274353027344,70.56686401367188,-14.0
1.2459259033203125,1.0021182298660278,104,-177.87686157226562,145.8472137451172,-16.0
0.9541165828704834,0.11270040273666382,105,-35.82549285888672,0.37823307514190674,-10.0
1.2905699014663696,1.1254856586456299,106,165.8157501220703,-138.0205078125,5.0
1.1062015295028687,0.6645310521125793,107,-71.94725799560547,31.108957290649414,-19.0
1.1394884586334229,0.5911276936531067,108,-57.82065963745117,17.703123092651367,-16.0
1.1124918460845947,0.5004121661186218,109,-80.41380310058594,18.889400482177734,-14.0
1.0476874113082886,0.4921158254146576,110,-58.06474304199219,26.153505325317383,-14.0
1.2254002094268799,0.96964430809021,111,-256.596435546875,179.35842895507812,-25.0
1.0747872591018677,0.5172156691551208,112,-48.0938720703125,95.7364273071289,-15.0
1.181292176246643,0.6387814283370972,113,-133.3642120361328,68.83905792236328,-16.0
1.2336312532424927,1.025334358215332,114,-317.01580810546875,371.66864013671875,-31.0
1.1028989553451538,0.398357629776001,115,-38.824424743652344,5.651634216308594,-14.0
1.1485294103622437,0.4373403787612915,116,-31.853641510009766,9.491411209106445,-11.0
1.1999582052230835,0.8241934776306152,117,-131.23057556152344,71.21053314208984,-15.0
1.1403447389602661,0.6930656433105469,118,-102.89918518066406,53.867366790771484,-19.0
1.2302660942077637,0.969106912612915,119,-7.783138275146484,-18.708703994750977,-8.0
1.0161030292510986,0.4207758605480194,120,-24.714431762695312,7.946990966796875,-14.0
1.1818970441818237,0.7354626655578613,121,-60.03519058227539,53.782249450683594,-6.0
1.0170310735702515,0.41023024916648865,122,-25.118139266967773,7.655910491943359,-14.0
1.0751147270202637,0.7563652396202087,123,-149.74935913085938,79.0739517211914,-24.0
1.2164185047149658,0.6914536356925964,124,-74.11245727539062,17.978063583374023,-14.0
1.2313319444656372,0.9806627035140991,125,-196.3111572265625,189.30064392089844,-18.0
1.1279267072677612,0.4608573019504547,126,-63.98068618774414,21.905736923217773,-19.0
1.1619699001312256,0.5379225015640259,127,-82.16041564941406,27.32476043701172,-20.0
1.0578136444091797,0.5791608095169067,128,-33.172080993652344,16.13393211364746,-15.0
1.0630241632461548,0.571211576461792,129,-33.92125701904297,15.226083755493164,-15.0
1.2356148958206177,0.7541451454162598,130,-98.70684051513672,59.80390930175781,-15.0
0.9171464443206787,0.10650400817394257,131,-38.72149658203125,0.36013007164001465,-10.0
1.222428560256958,0.5825344920158386,132,-54.47911834716797,16.186634063720703,-14.0
1.2518879175186157,0.9047116637229919,133,-109.34239959716797,56.70494842529297,-13.0
1.1821537017822266,0.6099809408187866,134,-32.98136901855469,20.890182495117188,-10.0
1.244079828262329,0.6261717081069946,135,-70.85026550292969,18.38998031616211,-15.0
1.2081749439239502,0.6254692077636719,136,-108.12854766845703,50.44586181640625,-20.0
1.1043224334716797,0.6400793790817261,137,-141.08975219726562,69.50517272949219,-16.0
1.1206189393997192,0.5917087197303772,138,-162.81277465820312,57.075157165527344,-21.0
1.234977126121521,0.8410161733627319,139,-128.22511291503906,84.59536743164062,-10.0
1.2048753499984741,0.7787180542945862,140,-62.81875228881836,34.80809783935547,-15.0
1.2087147235870361,0.5791810154914856,141,-182.60955810546875,72.25436401367188,-25.0
1.1332359313964844,0.6126530170440674,142,-339.9129638671875,273.0762939453125,-28.0
1.2614635229110718,0.727825939655304,143,-127.3401107788086,58.400970458984375,-19.0
1.1212965250015259,0.4255465567111969,144,-59.36674118041992,12.804651260375977,-16.0
1.1859655380249023,0.6123279333114624,145,-44.74434280395508,8.167448043823242,-10.0
1.2501118183135986,0.8132196068763733,146,-168.85153198242188,68.662841796875,-15.0
1.230101227760315,0.6649631857872009,147,-109.78965759277344,62.03673553466797,-15.0
1.1629351377487183,0.7217873930931091,148,-164.3240509033203,116.8582992553711,-19.0
1.204911231994629,0.7239264845848083,149,-217.07810974121094,236.7424774169922,-21.0
1.120956540107727,0.5613577961921692,150,-105.24954986572266,30.073745727539062,-10.0
1.1563218832015991,0.459680438041687,151,-125.77098083496094,57.662681579589844,-20.0
1.1754993200302124,0.7088300585746765,152,-140.59921264648438,92.37552642822266,-20.0
1.021844744682312,0.35089462995529175,153,-30.442611694335938,12.821662902832031,-14.0
1.0005786418914795,0.6830483675003052,154,-62.65752029418945,56.8858528137207,-12.0
1.2558802366256714,0.8813931941986084,155,-40.517478942871094,-1.2569265365600586,-10.0
1.1528862714767456,0.35302844643592834,156,-66.3026351928711,4.608611106872559,-16.0
1.213998794555664,0.6124668121337891,157,-221.7060546875,121.8409194946289,-26.0
1.147118091583252,0.3418458104133606,158,-44.28376770019531,30.043254852294922,-16.0
1.1717157363891602,0.8288467526435852,159,-240.73245239257812,138.85206604003906,-18.0
1.2014648914337158,0.6666134595870972,160,-383.1953430175781,279.1824645996094,-35.0
1.2946531772613525,0.7287173867225647,161,-142.43724060058594,55.23881530761719,-20.0
1.2309755086898804,0.723865270614624,162,-451.4122619628906,254.35989379882812,-39.0
1.167303204536438,0.5473247766494751,163,-203.2493133544922,44.04137420654297,-25.0
1.2635878324508667,0.5047391057014465,164,-136.12753295898438,21.519933700561523,-20.0
1.2356797456741333,0.3773421347141266,165,-64.38723754882812,16.800941467285156,-15.0
1.208815097808838,0.5688344240188599,166,-195.9097137451172,42.449249267578125,-21.0
1.1886870861053467,0.8527827262878418,167,109.18965148925781,-172.06919860839844,-4.0
1.230791687965393,0.7149842381477356,168,-346.7615661621094,204.15487670898438,-29.0
1.118866205215454,0.44429391622543335,169,-164.43751525878906,13.748531341552734,-21.0
0.9780915975570679,0.3742290139198303,170,-67.82754516601562,17.34198760986328,-18.0
1.1521103382110596,0.560072124004364,171,-231.69422912597656,159.0425567626953,-20.0
1.1305136680603027,0.7850196361541748,172,-155.19134521484375,143.9329833984375,-19.0
0.9109758734703064,0.2092711478471756,173,-19.27592658996582,1.9348149299621582,-14.0
1.1468511819839478,0.31442689895629883,174,-64.57769012451172,4.276289939880371,-15.0
0.9663099050521851,0.40815702080726624,175,-54.94009780883789,9.208285331726074,-15.0
0.9078666567802429,0.18865005671977997,176,-19.352270126342773,1.6292247772216797,-14.0
1.0719611644744873,0.5940940976142883,177,-132.58096313476562,73.3997573852539,-19.0
1.1812858581542969,0.958581268787384,178,-30.222030639648438,56.03258514404297,0.0
0.8645579218864441,0.07313625514507294,179,-39.18306350708008,0.23819851875305176,-10.0
0.9140734076499939,0.15171469748020172,180,-20.84725570678711,1.163271188735962,-14.0
1.2918957471847534,0.899283230304718,181,-27.713993072509766,48.68724822998047,-5.0
1.116344690322876,0.3179091811180115,182,-141.92689514160156,40.03977584838867,-23.0
0.9153167605400085,0.12274179607629776,183,-22.854598999023438,0.8569492697715759,-14.0
1.0942387580871582,0.42959195375442505,184,-142.04901123046875,24.12633514404297,-18.0
0.9156687259674072,0.10223987698554993,185,-24.83879852294922,0.665644645690918,-14.0
0.9141151309013367,0.0918879508972168,186,-26.25912857055664,0.5767254829406738,-14.0
1.1955558061599731,0.784614086151123,187,-314.7391662597656,221.0770263671875,-27.0
1.0227208137512207,0.6938289999961853,188,-65.17802429199219,38.237060546875,-7.0
1.0931181907653809,0.281696081161499,189,-39.001197814941406,4.897701740264893,-14.0
1.1661955118179321,0.30532652139663696,190,-156.21755981445312,29.341135025024414,-19.0
1.0974997282028198,0.46114134788513184,191,-146.64083862304688,60.633209228515625,-19.0
1.1397581100463867,0.5295045971870422,192,-185.4782257080078,67.81006622314453,-28.0
1.0838181972503662,0.24847020208835602,193,-40.169708251953125,3.3714547157287598,-14.0
1.005020022392273,0.4652617871761322,194,-128.944580078125,53.65633773803711,-20.0
1.0849894285202026,0.5621752738952637,195,-126.71900177001953,39.80956268310547,-15.0
1.227420687675476,0.7349509596824646,196,-124.59335327148438,52.48854446411133,-19.0
1.118455410003662,0.344252347946167,197,-29.074310302734375,5.485544204711914,-15.0
0.9952818751335144,0.48425623774528503,198,-99.44624328613281,36.392822265625,-19.0
1.1956044435501099,0.693846583366394,199,194.82887268066406,-124.8680419921875,10.0
1.134329080581665,0.2927399277687073,200,-70.44741821289062,4.128936767578125,-15.0
1.116517424583435,0.4376901686191559,201,-65.5009765625,24.522823333740234,-13.0
0.961641788482666,0.46766260266304016,202,-134.35562133789062,44.16280746459961,-19.0
1.1486096382141113,0.42373916506767273,203,-124.54344940185547,20.916677474975586,-20.0
1.115532398223877,0.43346911668777466,204,-528.0689086914062,101.22899627685547,-42.0
1.0409010648727417,0.0721120610833168,205,-66.20747375488281,0.41726794838905334,-14.0
1.1184009313583374,0.4597359895706177,206,-265.3728332519531,70.60103607177734,-27.0
1.1492005586624146,0.21575307846069336,207,-55.179542541503906,3.489699125289917,-15.0
1.2165879011154175,0.8491237163543701,208,-28.165260314941406,15.927717208862305,-3.0
0.8545289635658264,0.3500656485557556,209,-49.30067443847656,57.89495849609375,-14.0
1.077191948890686,0.4550841152667999,210,-443.61297607421875,372.379150390625,-43.0
0.8630964756011963,0.02029133029282093,211,-38.73094177246094,0.09446215629577637,-14.0
1.1687209606170654,0.36554357409477234,212,-137.58030700683594,19.326751708984375,-22.0
1.0060765743255615,0.23617029190063477,213,-225.27920532226562,40.09492111206055,-26.0
1.1075165271759033,0.4773055911064148,214,-145.4991912841797,62.666568756103516,-21.0
0.9505372643470764,0.2816208004951477,215,-210.172607421875,37.80876159667969,-26.0
1.077571988105774,0.44461721181869507,216,-190.59823608398438,70.84394836425781,-24.0
1.0878880023956299,0.5870401263237,217,-257.38726806640625,83.13687133789062,-29.0
0.9582251906394958,0.09370097517967224,218,-58.048770904541016,1.4515855312347412,-15.0
0.9698915481567383,0.1488754153251648,219,-54.892093658447266,2.08943247795105,-16.0
1.01320481300354,0.2831631600856781,220,-112.47926330566406,32.64434051513672,-22.0
0.9105865955352783,0.11128348112106323,221,-65.45579528808594,1.3900716304779053,-17.0
0.9533858895301819,0.17670807242393494,222,-176.04049682617188,13.00505542755127,-23.0
1.0172353982925415,0.3939291536808014,223,-269.0837707519531,76.2744140625,-27.0
1.0691534280776978,0.44116127490997314,224,-24.26312828063965,0.514674961566925,-11.0
1.0293713808059692,0.7325129508972168,225,-177.13485717773438,130.40255737304688,-18.0
1.0227525234222412,0.4828532338142395,226,-173.72296142578125,62.19241714477539,-18.0
0.9441947937011719,0.06390192359685898,227,-71.64469909667969,0.7098937034606934,-18.0
0.9826499819755554,0.056982479989528656,228,-86.21952056884766,0.5165143013000488,-17.0
1.1943275928497314,0.7289490103721619,229,-28.637426376342773,-22.9632511138916,-2.0
0.8972586393356323,0.0464908741414547,230,-84.44493103027344,0.6753820180892944,-20.0
1.0612915754318237,0.24863572418689728,231,-86.38449096679688,7.324677467346191,-14.0
1.0878673791885376,0.16384781897068024,232,-68.8619613647461,58.4461784362793,-20.0
0.7077878713607788,0.18237516283988953,233,-44.46467590332031,3.474327325820923,-14.0
0.8113591074943542,0.16742897033691406,234,-109.62611389160156,5.157879829406738,-19.0
0.9959603548049927,0.5807173848152161,235,-104.7448959350586,77.21173095703125,-23.0
1.1670936346054077,0.164242684841156,236,-75.15635681152344,2.513169050216675,-17.0
0.7804821133613586,0.015448547899723053,237,-41.323184967041016,0.07071603834629059,-14.0
1.0631662607192993,0.11120954155921936,238,-67.29769897460938,1.0721490383148193,-11.0
0.9865606427192688,0.3255358934402466,239,-71.67303466796875,14.676602363586426,-10.0
0.7967682480812073,0.22750121355056763,240,-41.06440734863281,4.448202133178711,-14.0
0.9802802205085754,0.4220397174358368,241,-76.4324951171875,59.98495864868164,-9.0
0.8818577527999878,0.022999592125415802,242,-110.40718078613281,0.6363188028335571,-26.0
1.1104246377944946,0.12522108852863312,243,-96.86560821533203,44.01246643066406,-20.0
0.9908633232116699,0.48111775517463684,244,-252.24411010742188,144.1909942626953,-27.0
1.0255194902420044,0.04505562037229538,245,-37.782997131347656,0.23850254714488983,-11.0
1.012726902961731,0.04749532788991928,246,-79.25862121582031,0.4702445864677429,-15.0
0.8517054915428162,0.35061103105545044,247,-460.2580871582031,92.38172912597656,-43.0
1.0878353118896484,0.08510012179613113,248,-81.24386596679688,1.1847968101501465,-19.0
0.9401301741600037,0.2233172357082367,249,-27.00743865966797,-17.850982666015625,-10.0
0.8771894574165344,0.10024979710578918,250,-211.8487091064453,1.766677975654602,-21.0
1.0266097784042358,0.031416889280080795,251,-41.31059265136719,0.15189041197299957,-11.0
1.047376036643982,0.03310126066207886,252,-43.60203552246094,0.28273701667785645,-16.0
0.8302118182182312,0.2090713381767273,253,-163.40272521972656,9.907844543457031,-25.0
0.9962077736854553,0.030788123607635498,254,-126.03106689453125,0.5071170330047607,-19.0
0.9998196959495544,0.23655806481838226,255,-166.3796844482422,18.647781372070312,-23.0
1.094997525215149,0.6112030148506165,256,-180.3812713623047,34.630550384521484,-22.0
1.0841368436813354,0.016889192163944244,257,-84.05951690673828,0.10607500374317169,-16.0
0.8130112290382385,0.24471525847911835,258,-72.08749389648438,21.380796432495117,-18.0
0.8577133417129517,0.3455643951892853,259,-208.756591796875,229.03456115722656,-34.0
0.7328042984008789,0.13817711174488068,260,-45.2998046875,2.255756139755249,-14.0
1.0352473258972168,0.027860552072525024,261,-144.06063842773438,0.5120915174484253,-24.0
0.9930205345153809,0.31579822301864624,262,-127.21614837646484,55.295894622802734,-24.0
1.1070854663848877,0.31915169954299927,263,-190.17051696777344,41.652767181396484,-25.0
1.0611714124679565,0.023863915354013443,264,-60.974754333496094,0.1472046971321106,-15.0
0.9793912768363953,0.01690405048429966,265,-55.45613479614258,0.1564018875360489,-17.0
1.0228514671325684,0.35447654128074646,266,-225.23507690429688,43.55754089355469,-24.0
1.0799154043197632,0.3877519369125366,267,-379.94561767578125,137.2842254638672,-27.0
0.8398886322975159,0.23960483074188232,268,-205.97525024414062,31.5675048828125,-26.0
0.9982874989509583,0.01636951044201851,269,-45.81871795654297,0.12208984792232513,-16.0
0.932447075843811,0.27049127221107483,270,-159.1326904296875,11.780266761779785,-23.0
0.7516632080078125,0.1545480340719223,271,-83.13129425048828,12.929977416992188,-17.0
0.8466879725456238,0.25338953733444214,272,-86.39249420166016,9.327024459838867,-22.0
0.7833486199378967,0.17942297458648682,273,-153.52117919921875,70.69639587402344,-27.0
0.7595537304878235,0.09557847678661346,274,-55.55968475341797,3.1879844665527344,-19.0
0.8353026509284973,0.22299602627754211,275,-151.3428955078125,26.451364517211914,-25.0
0.7779152393341064,0.11405059695243835,276,-109.03437805175781,0.4769402742385864,-18.0
0.7413245439529419,0.18390387296676636,277,-122.16841888427734,11.905016899108887,-28.0
0.9293191432952881,0.033090900629758835,278,-35.268463134765625,0.23616424202919006,-15.0
0.8738064765930176,0.010081671178340912,279,-28.79294204711914,0.04545224830508232,-14.0
0.7610733509063721,0.08096843212842941,280,-121.50640869140625,2.0640077590942383,-18.0
0.8917837738990784,0.01101257000118494,281,-61.066978454589844,0.04848569631576538,-14.0
1.0773375034332275,0.03869008645415306,282,-51.42939758300781,0.2697511315345764,-15.0
0.8291877508163452,0.11123382300138474,283,-167.26687622070312,30.4500732421875,-24.0
0.7653852105140686,0.0770995020866394,284,-102.67951965332031,0.8118431568145752,-13.0
0.8364599347114563,0.012212556786835194,285,-64.42665100097656,0.068123459815979,-14.0
0.7246167063713074,0.08443612605333328,286,-68.5164566040039,1.2590489387512207,-14.0
1.0639560222625732,0.19197621941566467,287,-66.4527587890625,3.789685010910034,-14.0
0.7380266785621643,0.06947293132543564,288,-134.80294799804688,1.77168607711792,-21.0
0.8116181492805481,0.11578122526407242,289,-278.0811462402344,8.498004913330078,-36.0
0.6770656704902649,0.05113385617733002,290,-124.71981048583984,2.44228196144104,-27.0
0.7289258241653442,0.10560176521539688,291,-193.6567840576172,5.90632438659668,-28.0
0.9669150710105896,0.00613626092672348,292,-98.84754180908203,0.05791674926877022,-18.0
0.9194924235343933,0.06787989288568497,293,-168.4156036376953,2.067983388900757,-26.0
0.8174999356269836,0.007448666263371706,294,-74.85330963134766,0.03157271072268486,-14.0
0.8411594033241272,0.046017587184906006,295,-281.23773193359375,3.859576940536499,-29.0
0.8910908699035645,0.013643216341733932,296,-35.66809844970703,0.08009141683578491,-15.0
0.7931917905807495,0.021991558372974396,297,-215.9670867919922,0.7807223200798035,-27.0
0.7710399031639099,0.01635444350540638,298,-87.45025634765625,0.07354825735092163,-13.0
0.8259324431419373,0.02521423250436783,299,-176.4520263671875,0.7398033142089844,-22.0
0.6571086049079895,0.014230646193027496,300,-83.4833755493164,0.21361185610294342,-18.0
0.6364844441413879,0.012734441086649895,301,-83.83235168457031,0.19653432071208954,-19.0
0.9925285577774048,0.005284675396978855,302,-45.776790618896484,0.0344553142786026,-16.0
1.1074906587600708,0.004429288674145937,303,-52.13575744628906,0.018179869279265404,-15.0
0.702139675617218,0.009555883705615997,304,-41.5257568359375,-0.02422870136797428,-6.0
0.5939366817474365,0.008713813498616219,305,-76.29231262207031,0.0739024356007576,-14.0
0.6849015951156616,0.01929713971912861,306,-105.76399993896484,0.2198958694934845,-13.0
0.6410765647888184,0.007375657558441162,307,-136.7770233154297,0.1544467657804489,-23.0
0.7211984992027283,0.037481728941202164,308,-76.52928161621094,0.5291438102722168,-14.0
0.6044624447822571,0.018249807879328728,309,-159.90835571289062,0.5818931460380554,-19.0
0.9793912768363953,0.004355135373771191,310,-58.511451721191406,0.027978798374533653,-16.0
0.5364986658096313,0.006090843118727207,311,-45.66501998901367,0.05086013674736023,-12.0
1.0029175281524658,0.004956604912877083,312,-53.965240478515625,0.0253592561930418,-15.0
0.9556255340576172,0.003624946577474475,313,-56.631900787353516,0.02791783958673477,-17.0
1.0386439561843872,0.03995554521679878,314,-79.61862182617188,0.28372806310653687,-14.0
0.5170467495918274,0.009394573047757149,315,-79.94383239746094,0.1748497039079666,-14.0
0.4885820746421814,0.005505072418600321,316,-22.029495239257812,0.039535846561193466,-13.0
0.5334841012954712,0.006179522722959518,317,-107.81485748291016,0.09835384041070938,-18.0
0.5978858470916748,0.003594790818169713,318,-36.391048431396484,0.014281392097473145,-14.0
0.46772903203964233,0.005140186753123999,319,-98.12338256835938,0.09811761975288391,-22.0
0.43838509917259216,0.004778627771884203,320,-55.01926040649414,0.04842795059084892,-11.0
0.43199217319488525,0.005022680852562189,321,-24.52460479736328,0.024913720786571503,-10.0
0.6216522455215454,0.004422995261847973,322,-43.388729095458984,0.027858320623636246,-16.0
0.6005035042762756,0.002718827687203884,323,-73.48789978027344,0.004715423099696636,-15.0
0.45840540528297424,0.00453173229470849,324,-55.899906158447266,0.03761100769042969,-13.0
0.4820203483104706,0.004738926887512207,325,-118.54347229003906,0.0920284315943718,-23.0
0.3042753338813782,0.003748116083443165,326,-6.897785186767578,-0.004426107741892338,-6.0
0.7104592323303223,0.20626382529735565,327,68.16910552978516,-149.81224060058594,4.0
0.9071874022483826,0.002452076179906726,328,-76.91999053955078,0.024840161204338074,-19.0
0.2704162001609802,0.003049113554880023,329,-0.5486952662467957,-0.011372588574886322,-1.0
1.2310101985931396,0.38386496901512146,330,-171.24195861816406,31.875410079956055,-24.0
0.36673176288604736,0.0042205373756587505,331,-32.26128387451172,0.01411612331867218,-7.0
0.3615027666091919,0.0032301628962159157,332,-57.47056579589844,0.041151080280542374,-13.0
0.4064660370349884,0.003639558330178261,333,-25.558185577392578,0.03763357177376747,-17.0
0.2177237868309021,0.0026654505636543036,334,-0.9017031788825989,-0.009295366704463959,-1.0
0.5675687789916992,0.003965282347053289,335,-63.275333404541016,0.07154112309217453,-24.0
0.2024281919002533,0.002635619370266795,336,-33.49143981933594,0.013878213241696358,-8.0
0.46285465359687805,0.003490369999781251,337,-39.71189498901367,0.03167824074625969,-14.0
0.4176174998283386,0.004578740336000919,338,-137.21754455566406,0.10441896319389343,-19.0
0.3029401898384094,0.002975096460431814,339,-24.598337173461914,0.017139049246907234,-10.0
0.9747883081436157,0.004968686029314995,340,-56.007999420166016,0.025541840121150017,-15.0
0.26372572779655457,0.0025132151786237955,341,-13.799113273620605,0.011792844161391258,-10.0
0.16873101890087128,0.003638933878391981,342,-1.9489479064941406,-0.0051773302257061005,0.0
0.6229917407035828,0.0024187059607356787,343,-37.324256896972656,0.009224390611052513,-14.0
0.26327240467071533,0.002473092172294855,344,-21.677433013916016,-0.004114451352506876,-6.0
0.22721490263938904,0.0024000639095902443,345,-15.94343376159668,-0.0008001683745533228,-6.0
0.24052877724170685,0.0041726138442754745,346,-36.7465705871582,0.025985529646277428,-6.0
0.8223409652709961,0.0025041396729648113,347,-70.33016967773438,0.015171459876000881,-16.0
0.913399875164032,0.0021127164363861084,348,-71.09180450439453,0.00813380442559719,-15.0
0.37496238946914673,0.0022650521714240313,349,-41.76604080200195,-0.0008599653374403715,-10.0
0.12802717089653015,0.0022255326621234417,350,-1.1853991746902466,-0.007983589544892311,-1.0
0.12459758669137955,0.0022171782329678535,351,-1.2087970972061157,-0.008001935668289661,-1.0
0.12457004189491272,0.002254418795928359,352,-17.854154586791992,0.010192540474236012,-7.0
0.7971159219741821,0.002340839244425297,353,-74.04246520996094,0.014110893942415714,-16.0
0.11679098755121231,0.0021978002041578293,354,-1.3866398334503174,-0.008075334131717682,-1.0
0.433266282081604,0.015466118231415749,355,-161.13720703125,0.5098649859428406,-21.0
0.15786942839622498,0.002169861691072583,356,-4.829322338104248,-0.0021747546270489693,-5.0
0.23472249507904053,0.0021961843594908714,357,-23.937395095825195,0.009578634053468704,-10.0
0.24827352166175842,0.0034529417753219604,358,-24.671306610107422,0.01641623117029667,-5.0
1.090179204940796,0.015926510095596313,359,-45.38458251953125,0.04244732856750488,-10.0
0.12062160670757294,0.0021020635031163692,360,-7.517364501953125,0.00562387565150857,-7.0
0.10663118213415146,0.002153808483853936,361,-1.5179715156555176,-0.008407894521951675,-1.0
0.15179869532585144,0.0021217260509729385,362,-4.933204650878906,-0.0025122794322669506,-5.0
0.15168912708759308,0.0021183600183576345,363,-5.060103416442871,-0.002575692255049944,-5.0
0.1061224639415741,0.002151157706975937,364,-1.392589807510376,-0.008594098500907421,-1.0
0.10641302168369293,0.002153166802600026,365,-1.3653613328933716,-0.008676670491695404,-1.0
0.17344848811626434,0.002382394392043352,366,-35.54511642456055,0.00265037571080029,-6.0
0.1653527319431305,0.006292490754276514,367,-21.626951217651367,0.03752605989575386,-8.0
0.2821985185146332,0.010597264394164085,368,-59.813499450683594,0.06059598922729492,-9.0
0.10383116453886032,0.00216305791400373,369,-1.5248216390609741,-0.00897780992090702,-1.0
0.15033097565174103,0.002120034769177437,370,-5.010194301605225,-0.0031131047289818525,-5.0
0.6906113624572754,0.0020152684301137924,371,-38.04485321044922,0.009690648876130581,-15.0
0.11736826598644257,0.003156555350869894,372,-1.884712815284729,-0.007001160178333521,0.0
0.09884344041347504,0.0021746584679931402,373,-1.705157995223999,-0.009280432015657425,-1.0
0.12042531371116638,0.002097805729135871,374,-7.2823686599731445,0.004703393671661615,-7.0
0.11511395126581192,0.00315997120924294,375,-1.8537492752075195,-0.0072916122153401375,0.0
0.14642642438411713,0.0021393587812781334,376,-4.8719282150268555,-0.0036235302686691284,-5.0
0.09825918823480606,0.002200058428570628,377,-1.764533281326294,-0.009651320986449718,-1.0
0.2957530915737152,0.003253722796216607,378,-55.03743362426758,0.03223368898034096,-10.0
0.21301192045211792,0.0024201138876378536,379,-27.184913635253906,-0.0061943563632667065,-6.0
0.14710545539855957,0.00216616946272552,380,-4.940817356109619,-0.004014746751636267,-5.0
0.9022075533866882,0.002588593401014805,381,-94.6421890258789,0.019206061959266663,-17.0
0.6977697610855103,0.001927181612700224,382,-44.552913665771484,0.009202927350997925,-15.0
0.09744467586278915,0.002251991303637624,383,-1.7816797494888306,-0.0102761909365654,-1.0
0.0973004549741745,0.0022608465515077114,384,-1.8112597465515137,-0.010376484133303165,-1.0
0.11547806113958359,0.003201421583071351,385,-1.7665107250213623,-0.008431624621152878,0.0
0.12834830582141876,0.002177453599870205,386,-7.108529567718506,0.004046745598316193,-7.0
0.1493900716304779,0.0024862654972821474,387,-66.896484375,0.019037293270230293,-11.0
0.14995554089546204,0.0022254420910030603,388,-4.974451065063477,-0.00482213357463479,-5.0
0.09609106183052063,0.002308254363015294,389,-1.981671929359436,-0.010921090841293335,-1.0
0.7026168704032898,0.053755830973386765,390,-286.4577331542969,35.38456344604492,-29.0
0.14844900369644165,0.00225622346624732,391,-5.126067161560059,-0.00514396745711565,-5.0
0.7473052144050598,0.0017773243598639965,392,-36.455894470214844,0.006535458378493786,-14.0
0.1475192904472351,0.002287995768710971,393,-5.457533836364746,-0.005401120986789465,-5.0
0.09146711975336075,0.0023942855186760426,394,-1.9736459255218506,-0.011753308586776257,-1.0
0.11214897781610489,0.003312407061457634,395,-1.5152798891067505,-0.0099673205986619,0.0
0.09080491960048676,0.002435893751680851,396,-1.9699833393096924,-0.012141809798777103,-1.0
0.09067817032337189,0.002458270639181137,397,-2.0060505867004395,-0.012342737056314945,-1.0
0.09070855379104614,0.00248198420740664,398,-2.0804665088653564,-0.012562676332890987,-1.0
0.12615105509757996,0.00236508809030056,399,-8.279056549072266,0.003450651653110981,-7.0
0.09119536727666855,0.002530014608055353,400,-2.2756712436676025,-0.012997274287045002,-1.0
0.11396325379610062,0.003437988692894578,401,-1.3435295820236206,-0.011282668448984623,0.0
0.7651929259300232,0.0016863439232110977,402,-41.80842208862305,0.006182682700455189,-14.0
0.17227555811405182,0.0025313051883131266,403,-9.853889465332031,-0.00627289479598403,-6.0
0.19624681770801544,0.0027433624491095543,404,-27.335538864135742,-0.005249558016657829,-6.0
0.14697815477848053,0.0025241458788514137,405,-6.440733909606934,-0.00737922266125679,-5.0
0.17181499302387238,0.0027375139761716127,406,-21.69606590270996,-0.006911532953381538,-5.0
0.11769009381532669,0.0035813464783132076,407,-1.2131049633026123,-0.012705684639513493,0.0
0.31333455443382263,0.019266199320554733,408,-45.38297653198242,0.7067979574203491,-12.0
0.09017740190029144,0.0027792397886514664,409,-3.2312357425689697,-0.015272599644958973,-1.0
0.08974166959524155,0.0028218943625688553,410,-2.9346938133239746,-0.01565595343708992,-1.0
0.1461057811975479,0.002696186536923051,411,-7.211333274841309,-0.009016091004014015,-5.0
0.11954554915428162,0.0037465752102434635,412,-1.1248409748077393,-0.014651374891400337,0.0
0.629662275314331,0.0031105629168450832,413,-39.28898620605469,0.018190525472164154,-15.0
0.12040728330612183,0.003820741781964898,414,-1.1013292074203491,-0.015486296266317368,0.0
0.12104027718305588,0.0038582084234803915,415,-1.1047894954681396,-0.01589604653418064,0.0
0.6107409596443176,0.003082037903368473,416,-43.56336975097656,0.01802578940987587,-15.0
0.08820338547229767,0.003128597978502512,417,-3.168577194213867,-0.018459558486938477,-1.0
0.1405591368675232,0.002940068021416664,418,-8.046575546264648,-0.011434397660195827,-5.0
0.12541183829307556,0.0029473190661519766,419,-10.696946144104004,0.0015053562819957733,-7.0
0.4305844008922577,0.016619786620140076,420,-71.54317474365234,0.4549177587032318,-13.0
0.12417879700660706,0.004097776487469673,421,-1.1297308206558228,-0.018532538786530495,0.0
0.56573885679245,0.0030064196325838566,422,-57.724212646484375,0.017570052295923233,-15.0
0.37962889671325684,0.08209987729787827,423,-45.65224075317383,9.653916358947754,-13.0
0.08810756355524063,0.0034773224033415318,424,-3.330709934234619,-0.02174859121441841,-1.0
0.08818050473928452,0.003536825068295002,425,-3.196155548095703,-0.022315913811326027,-1.0
0.13534216582775116,0.00327494740486145,426,-9.519453048706055,-0.01482823770493269,-5.0
0.27958744764328003,0.07566110044717789,427,-17.068340301513672,1.6434897184371948,-6.0
0.3178352415561676,0.04490838944911957,428,-10.25128173828125,0.2972447872161865,-5.0
0.4968470633029938,0.008366402238607407,429,-78.38093566894531,0.04045208543539047,-10.0
0.12608420848846436,0.004587121773511171,430,-0.9704771041870117,-0.02437002584338188,0.0
0.1336316168308258,0.0035825190134346485,431,-10.26956558227539,-0.017724864184856415,-5.0
0.12464980036020279,0.004728901199996471,432,-0.9406484365463257,-0.026021534577012062,0.0
1.1921637058258057,0.5043640732765198,433,-112.76152038574219,25.923694610595703,-9.0
1.1816587448120117,0.009821214713156223,434,-27.680084228515625,0.024040937423706055,-10.0
1.1782188415527344,0.009674947708845139,435,-28.307931900024414,0.023606538772583008,-10.0
0.12236359715461731,0.0050567034631967545,436,-0.9060230255126953,-0.02992461621761322,0.0
0.12192977964878082,0.00514261843636632,437,-0.90431147813797,-0.030961154028773308,0.0
0.7567901611328125,0.0017376840114593506,438,-54.997623443603516,0.0032584667205810547,-10.0
0.12173059582710266,0.005330487620085478,439,-0.9192696213722229,-0.03312746807932854,0.0
0.9160369038581848,0.0056689404882490635,440,-93.50631713867188,0.05120750144124031,-16.0
0.2223111093044281,0.005600462667644024,441,-15.312849044799805,-0.020119305700063705,-5.0
0.3487444519996643,0.006768389604985714,442,-116.53326416015625,0.10542019456624985,-16.0
0.4586156904697418,0.017012236639857292,443,-47.85983657836914,0.004778836853802204,-12.0
0.11787062883377075,0.005767767317593098,444,-0.9375120401382446,-0.03828512877225876,0.0
0.13132435083389282,0.004734175279736519,445,-10.691383361816406,-0.029652303084731102,-5.0
0.08120846003293991,0.0054604001343250275,446,-2.744614839553833,-0.041743434965610504,-1.0
0.1032303050160408,0.0064559816382825375,447,-5.347232341766357,-0.9517616629600525,-4.0
0.07985551655292511,0.005628619343042374,448,-2.757831335067749,-0.043521344661712646,-1.0
0.2585822343826294,0.01743021234869957,449,-14.632608413696289,0.0173183586448431,-5.0
0.11130665987730026,0.006252368912100792,450,-0.868669867515564,-0.04398968443274498,0.0
0.11052992194890976,0.006347913295030594,451,-0.8533678650856018,-0.045070577412843704,0.0
0.07825028151273727,0.005985025316476822,452,-2.862793207168579,-0.04729505255818367,-1.0
0.07793697714805603,0.00613832101225853,453,-3.155258893966675,-0.048904042690992355,-1.0
0.108988456428051,0.006793615408241749,454,-0.8185459971427917,-0.049973104149103165,0.0
0.35357093811035156,0.017709841951727867,455,-45.032012939453125,0.14057032763957977,-12.0
1.1525118350982666,0.013203003443777561,456,-51.291744232177734,0.07212519645690918,-14.0
0.10743305087089539,0.007368848193436861,457,-0.7770840525627136,-0.056372951716184616,0.0
0.10699357837438583,0.007582455407828093,458,-0.7670451402664185,-0.05879351869225502,0.0
0.0775061771273613,0.007390571758151054,459,-3.0231919288635254,-0.06241855025291443,-1.0
0.10663114488124847,0.008133531548082829,460,-0.7562172412872314,-0.06500858068466187,0.0
0.07769572734832764,0.008043511770665646,461,-3.0781912803649902,-0.06966403126716614,-1.0
0.07760339230298996,0.0084470734000206,462,-3.251657724380493,-0.07421354204416275,-1.0
0.20538382232189178,0.007682475261390209,463,-49.826454162597656,-0.017263568937778473,-10.0
0.1048707515001297,0.009811022318899632,464,-0.7184202075004578,-0.08431284874677658,0.0
0.15414319932460785,0.009891587309539318,465,-13.475870132446289,-5.527032375335693,-8.0
0.10310214012861252,0.010194353759288788,466,-0.6983984708786011,-0.08886633813381195,0.0
0.07286158204078674,0.00973706878721714,467,-3.392350673675537,-0.08907526731491089,-1.0
0.10192108899354935,0.010220901109278202,468,-0.6825820803642273,-0.08922584354877472,0.0
0.126233771443367,0.00875972118228674,469,-11.154216766357422,-0.07426656782627106,-5.0
0.1010793000459671,0.010654865764081478,470,-0.6706103086471558,-0.09438306838274002,0.0
0.8851088881492615,0.5261672139167786,471,25.93989372253418,-76.7992172241211,-2.0
0.12817217409610748,0.012494525872170925,472,-2.034205913543701,-6.199751377105713,-3.0
0.06780321896076202,0.010639108717441559,473,-3.7235116958618164,-0.09974386543035507,-1.0
0.06713495403528214,0.010446134954690933,474,-3.788125991821289,-0.09746412187814713,-1.0
0.923963725566864,0.006407396402209997,475,-51.20397186279297,0.046283651143312454,-15.0
0.06535246223211288,0.010347876697778702,476,-3.980833053588867,-0.09636127203702927,-1.0
1.0209050178527832,0.006504709832370281,477,-33.201900482177734,0.014766454696655273,-10.0
0.33546116948127747,0.02953473851084709,478,-37.8371696472168,0.43919065594673157,-12.0
0.14460748434066772,0.008781966753304005,479,-17.554960250854492,-0.07419887185096741,-6.0
0.09408444166183472,0.011018652468919754,480,-0.5819182991981506,-0.09951823949813843,0.0
0.0929449275135994,0.011256013065576553,481,-0.5651862621307373,-0.10248270630836487,0.0
0.0922447144985199,0.011606649495661259,482,-0.5552797913551331,-0.10682537406682968,0.0
0.0919441282749176,0.012075606733560562,483,-0.5512659549713135,-0.11263684183359146,0.0
0.47194045782089233,0.031290892511606216,484,-84.9720230102539,0.6512073874473572,-15.0
0.188887819647789,0.012618282809853554,485,-14.653742790222168,-0.10659655183553696,-5.0
0.06127706170082092,0.013644278980791569,486,-4.6574602127075195,-0.13750681281089783,-1.0
0.17053890228271484,0.014100110158324242,487,-16.38566780090332,-0.033545978367328644,-7.0
0.9526631832122803,0.008255048654973507,488,-61.372291564941406,0.04750286042690277,-14.0
0.06112527847290039,0.016388796269893646,489,-3.5527772903442383,-0.17351335287094116,-1.0
0.5091511607170105,0.031451571732759476,490,-155.25491333007812,1.1124752759933472,-22.0
0.08212226629257202,0.018630826845765114,491,-0.4257223308086395,-0.19948069751262665,0.0
0.0801122635602951,0.019750751554965973,492,-0.4075804352760315,-0.21543057262897491,0.0
0.07858535647392273,0.021305305883288383,493,-0.3948489725589752,-0.23788055777549744,0.0
0.15412189066410065,0.021554887294769287,494,-20.76178741455078,-0.06885093450546265,-7.0
0.3022191822528839,0.02379811555147171,495,-81.1227035522461,-3.608074426651001,-13.0
0.15909694135189056,0.02363397926092148,496,-42.00532913208008,-0.013427414000034332,-6.0
0.07204069942235947,0.026756780222058296,497,-0.3547039330005646,-0.32058224081993103,0.0
0.1503392457962036,0.02627219446003437,498,-19.103349685668945,-0.08931951224803925,-7.0
0.3504856824874878,0.03142060339450836,499,-55.975406646728516,0.04122254252433777,-12.0
0.10445857793092728,0.033271778374910355,500,-9.83144474029541,-0.7155913710594177,-3.0
0.0650368332862854,0.03310011327266693,501,-0.33289432525634766,-0.4238990545272827,0.0
0.06390244513750076,0.03599121421575546,502,-0.3330726623535156,-0.47334739565849304,0.0
0.06310155242681503,0.040585026144981384,503,-0.3357716500759125,-0.5550910234451294,0.0
0.059836577624082565,0.04726998880505562,504,-4.813309669494629,-0.6866859197616577,-1.0
0.09566701203584671,0.059563666582107544,505,-1.5848126411437988,-2.9165596961975098,-3.0
0.1553543210029602,0.05869001895189285,506,-20.12055778503418,-1.4898673295974731,-8.0
0.5410999059677124,0.03899301216006279,507,-252.811767578125,2.009467601776123,-20.0
0.059571124613285065,0.07122553139925003,508,-4.919508457183838,-1.2060141563415527,-1.0
0.09365686774253845,0.07873013615608215,509,-1.787765383720398,-1.5499851703643799,-3.0
0.057996585965156555,0.08123521506786346,510,-0.33389177918434143,-1.4484822750091553,0.0
0.05747294798493385,0.08961547166109085,511,-0.3343217074871063,-1.6739941835403442,0.0
0.05713397637009621,0.10198338329792023,512,-0.33664262294769287,-2.038041114807129,0.0
0.6422294974327087,0.0014404469402506948,513,-61.605369567871094,0.0026967525482177734,-10.0
0.056578367948532104,0.13436485826969147,514,-0.3422497808933258,-3.205000638961792,0.0
0.22638750076293945,0.14464502036571503,515,-9.228824615478516,-11.237504959106445,-4.0
0.1836460828781128,0.17680206894874573,516,1.0552040338516235,-15.527936935424805,0.0
0.1398666352033615,0.1949148029088974,517,-0.7291209697723389,-12.407930374145508,0.0
0.09829990565776825,0.17731454968452454,518,-2.4132087230682373,-2.5026895999908447,-3.0
0.2750486433506012,0.1949262171983719,519,-10.667644500732422,-5.1795148849487305,-3.0
0.14701424539089203,0.18833841383457184,520,-8.535761833190918,6.468423366546631,-4.0
0.23123297095298767,0.22169308364391327,521,-7.190223217010498,-6.537919521331787,-3.0
0.10201490670442581,0.1889936774969101,522,-2.697795867919922,-3.3977108001708984,-3.0
0.28094834089279175,0.20662838220596313,523,-12.092098236083984,-5.8286333084106445,-4.0
0.10322587937116623,0.1863219290971756,524,-3.0730738639831543,-2.7146103382110596,-3.0
0.16337838768959045,0.16421617567539215,525,-19.017244338989258,-2.499904155731201,-8.0
0.20890139043331146,0.19714078307151794,526,-15.272309303283691,-15.068059921264648,-5.0
0.2746160924434662,0.19217395782470703,527,-2.6653363704681396,-12.982327461242676,-1.0
0.4781694710254669,0.2594870626926422,528,-73.1141128540039,42.25210952758789,-13.0
0.14350339770317078,0.21982431411743164,529,-1.9315171241760254,-12.612482070922852,0.0
0.13272486627101898,0.1768915355205536,530,-4.1854777336120605,-2.5072779655456543,-3.0
0.13810183107852936,0.2309451699256897,531,-3.5315089225769043,-11.66295051574707,-1.0
0.09576525539159775,0.21014215052127838,532,-1.6815954446792603,-3.420215606689453,-3.0
0.19685477018356323,0.23780423402786255,533,-3.3344664573669434,-12.496862411499023,-1.0
0.1281752735376358,0.2594519853591919,534,-2.1795008182525635,-12.850534439086914,0.0
0.2971595823764801,0.3198876678943634,535,-10.51760482788086,-4.955974578857422,-3.0
0.34672215580940247,0.26349836587905884,536,-27.431245803833008,-3.195554494857788,-4.0
0.34240931272506714,0.2587384879589081,537,-40.805580139160156,7.448338508605957,-9.0
0.12687964737415314,0.2696307301521301,538,-0.6536004543304443,-16.381534576416016,0.0
0.6246613264083862,0.177029550075531,539,-118.13286590576172,13.311758041381836,-16.0
0.14570260047912598,0.23883667588233948,540,-6.019923210144043,-14.124442100524902,-1.0
0.23864871263504028,0.2681162655353546,541,-3.113795757293701,-15.740363121032715,0.0
0.4382098317146301,0.17994976043701172,542,-48.17766189575195,-10.25656795501709,-8.0
0.2940717935562134,0.25933417677879333,543,-18.85222625732422,-5.441011905670166,-3.0
0.19762718677520752,0.22705534100532532,544,-171.05215454101562,36.86351776123047,-16.0
0.27710410952568054,0.18867412209510803,545,-81.96900939941406,12.624351501464844,-14.0
0.19084884226322174,0.17936760187149048,546,-6.673074722290039,-6.756222248077393,-3.0
0.19666282832622528,0.15096768736839294,547,-19.2392520904541,-3.5352091789245605,-3.0
0.35255157947540283,0.153562530875206,548,-66.52886962890625,7.4659223556518555,-9.0
0.24519319832324982,0.19799965620040894,549,-2.446532964706421,-17.784635543823242,0.0
0.207969531416893,0.19541305303573608,550,-2.128791093826294,-8.752607345581055,0.0
0.21008077263832092,0.17062263190746307,551,-3.576099157333374,-7.595694065093994,-1.0
0.20105180144309998,0.18236346542835236,552,-1.4763383865356445,-11.272795677185059,0.0
0.28154876828193665,0.2414342761039734,553,-3.879140615463257,-11.852265357971191,-1.0
0.2689429521560669,0.11365210264921188,554,-39.64659881591797,0.2748270332813263,-5.0
0.2010498344898224,0.11266474425792694,555,-103.69267272949219,32.58802795410156,-10.0
0.2649443447589874,0.12594354152679443,556,-15.1639404296875,-0.7624424695968628,-4.0
0.23566873371601105,0.111650750041008,557,-5.282512187957764,-2.144197702407837,-1.0
0.2751038074493408,0.202756866812706,558,-18.8072452545166,0.28298747539520264,-4.0
0.20041941106319427,0.15802374482154846,559,-7.402295112609863,-11.607933044433594,-1.0
0.2515905797481537,0.1631426066160202,560,-13.626778602600098,-2.223564624786377,-4.0
0.24708518385887146,0.2112799882888794,561,-6.919013977050781,-4.03166389465332,-3.0
0.22629323601722717,0.1480521410703659,562,-2.6674251556396484,-6.073951721191406,0.0
0.22819091379642487,0.15106794238090515,563,-2.8243966102600098,-6.3857574462890625,0.0
0.28192415833473206,0.12918685376644135,564,-94.87965393066406,68.47268676757812,-14.0
0.2647859454154968,0.1450677365064621,565,-86.10661315917969,7.915666580200195,-9.0
0.17390432953834534,0.1479162722826004,566,-6.595291614532471,-2.0486385822296143,-3.0
0.20298895239830017,0.17217756807804108,567,-2.0425660610198975,-7.2769246101379395,0.0
0.20534488558769226,0.17260423302650452,568,-2.1885979175567627,-9.154195785522461,0.0
0.23460134863853455,0.12217053771018982,569,-48.812110900878906,-12.475251197814941,-7.0
0.1804317981004715,0.12500235438346863,570,-7.481907844543457,-1.1615405082702637,-3.0
0.18078939616680145,0.1478489339351654,571,-6.76898193359375,-1.396074652671814,-3.0
0.21380934119224548,0.18113955855369568,572,-2.4108126163482666,-9.052734375,0.0
0.2475004345178604,0.22465363144874573,573,-2.825207471847534,-12.246896743774414,0.0
0.299983948469162,0.13825616240501404,574,-3.6187005043029785,-6.436949729919434,-1.0
0.2188682109117508,0.11043814569711685,575,-4.447537899017334,-3.646580457687378,-1.0
0.21590273082256317,0.15026094019412994,576,-2.2413010597229004,-5.6775360107421875,0.0
0.21521028876304626,0.12684059143066406,577,-6.577425479888916,-10.473612785339355,-1.0
0.18263794481754303,0.12519901990890503,578,-7.0391106605529785,-1.7322190999984741,-3.0
0.2695426046848297,0.12178561836481094,579,-16.07640838623047,-13.638690948486328,-5.0
0.18513740599155426,0.12345641851425171,580,-5.275761604309082,-4.570032596588135,-3.0
0.2507297396659851,0.14136821031570435,581,-107.2336196899414,5.2552690505981445,-14.0
0.18667438626289368,0.14776581525802612,582,-8.204041481018066,-2.726301908493042,-3.0
0.18658339977264404,0.15271274745464325,583,-15.307262420654297,-4.434312343597412,-3.0
0.2397085577249527,0.12979158759117126,584,-24.61892318725586,-2.922781229019165,-8.0
0.1845868080854416,0.12883563339710236,585,-7.554245948791504,-0.7837681174278259,-3.0
0.20406676828861237,0.13084350526332855,586,-15.90401554107666,-13.081869125366211,-5.0
0.31870636343955994,0.10277857631444931,587,-34.434242248535156,-0.41777971386909485,-8.0
0.17777886986732483,0.12420056015253067,588,-9.76498794555664,-3.1160404682159424,-4.0
0.18004071712493896,0.11899831891059875,589,-7.53525447845459,-0.6754373908042908,-3.0
0.6757122874259949,0.000867389899212867,590,-64.0824203491211,0.0030879974365234375,-14.0
0.17655807733535767,0.11216694861650467,591,-10.537294387817383,-0.6249901652336121,-4.0
0.14412687718868256,0.12048721313476562,592,-3.980346202850342,-13.995320320129395,-1.0
0.2237258404493332,0.15561047196388245,593,-5.927905559539795,-16.60605239868164,-1.0
0.17758044600486755,0.12818337976932526,594,-8.001546859741211,-3.463345766067505,-3.0
0.17414677143096924,0.11228473484516144,595,-10.376760482788086,-1.568378210067749,-4.0
0.17711420357227325,0.11497309058904648,596,-8.530006408691406,-4.062831401824951,-3.0
0.17745473980903625,0.0951261967420578,597,-5.238916873931885,-0.46851858496665955,-3.0
0.21070916950702667,0.10493690520524979,598,-1.9830809831619263,-6.994457721710205,0.0
0.17939960956573486,0.09674675017595291,599,-6.641739368438721,-0.4524536728858948,-3.0
